image,x,y,w,h
images/n7vENaBF-kpo6-aRyY-vCDJ-m0uzj1WXrh2I.jpg,511,6,133,336
images/yjOpZGJs-Wcnl-dy2Z-fuIL-pqQT8Yfrz2K4.jpg,87,68,294,339
images/3uNJcEvo-xT0z-FNi2-KEzB-e8aVIdQgWHvB.jpg,364,29,136,217
images/WiXgP3wf-yrDl-5iUE-RQ6v-0efnNsHpYUd3.jpg,900,12,64,96
images/VjZMsXOh-STQ7-VSZh-TfOF-z0wTI3AGRpl7.jpg,646,7,37,91
images/tlGa2MBC-tk0R-wjvI-VN19-DMSTuEaUtAGi.jpg,644,24,54,129
images/nzyR2NtP-b0rM-IhXz-qt3Z-MPiFhndkEYsO.jpg,232,47,209,277
images/W7fv2JPL-RNLh-GPhz-vNXp-9nDUuqifhk4a.jpg,481,27,187,379
images/j4Dapd6c-xwIv-L3qS-hqFy-Ugd1sSAMT3yl.jpg,418,28,86,154
images/ZLx08Bcz-17sV-rL3R-2JzC-VA1Xh32CBtfY.jpg,975,27,77,116
images/13GZ56ec-mRIW-x1Os-NoWP-jaMcVW4HfBKi.jpg,550,14,125,378
images/ZAvePNXM-2gWR-Kwty-B1Nv-zD5j9cKISWR1.jpg,462,22,80,160
images/2wcpG0XB-b7W3-knt9-mzCy-EV08uiflG7Ay.jpg,640,25,73,169
images/LagBeFzO-6kGh-3YJN-Eagi-OXJpbsf0TkUS.jpg,528,19,144,393
images/K52eOjZU-7YcJ-ThQD-c4UE-3X5VzTYMhS4F.jpg,659,23,51,136
images/T1mFyqbE-CJBe-OeVt-likJ-hgIN8DTP76iz.jpg,460,40,65,112
images/B8qbAOYC-kXID-kdAs-eO2L-vuqT8FsCpBJt.jpg,538,16,46,124
images/Qr0ajTiW-mXnI-UrE0-gHrU-8owcsVmnIBz4.jpg,586,8,112,320
images/ogclezZj-Q83P-C1nl-0xtK-GFxaMCUcEYl2.jpg,318,40,95,151
images/JfzdjPmg-TXc8-8R3j-G1pD-3HoQPJY9FphW.jpg,710,16,84,196
images/tdRXevKq-bDjr-4eH0-8LyN-Y3w0XbLEpkud.jpg,1126,50,126,156
images/w9lANHfr-3fH9-Xhpn-5itw-cUbEgJ0FGzI3.jpg,722,18,90,208
images/wBSNrLYp-Fls1-tNY5-9dIS-eQu5DyGFVRhW.jpg,410,26,97,178
images/gshAfIo3-yKVx-VvDx-VBEg-iKE26mX0DM3n.jpg,633,12,45,90
images/uREJ2bB8-5ujv-0oVC-HI8M-XUnsGbE7VJv1.jpg,390,26,113,208
images/9sicBp5S-2EcR-ENz0-tqhJ-MK8dUE0kmwrV.jpg,203,60,221,300
images/Lmec7OUB-v4YG-YvjR-WBae-F6oEmUJ0gWQY.jpg,642,20,46,106
images/9Pwsla7O-Tphd-ctZ8-vCUs-mslLrITZ1ebk.jpg,1154,60,126,156
images/MpcKwBGj-9QWC-TebF-SMgA-ilRADc2tPT5q.jpg,625,20,83,260
images/zDupkw82-XAr5-Qa2U-yfVZ-rIG7dptTi2FS.jpg,380,44,74,130
images/Y2i8ZbdI-ijGr-ktuc-mJui-faIP5Bd4g28M.jpg,351,44,146,231
images/r5ehd7Ow-OMoP-gQiP-Vhrw-v6JcIh3bSuBE.jpg,544,16,55,126
images/zKa8DfQE-VEmH-rhSX-JxsC-yfAd14hnmQ7z.jpg,667,0,35,82
images/G5s1OgrZ-n2kq-8aWo-Pmdq-WEMJbFLqfKhi.jpg,668,26,60,152
images/dmY3KX2n-7PCc-V851-9prg-mrpcDYiA4JPb.jpg,1039,38,90,140
images/fyEuRZqb-uylV-TuQs-Jcnb-jfD7HZAKtPzF.jpg,632,20,46,106
images/abfeB2RO-DqdE-4RTf-Wpj4-PYSDgQjdstMu.jpg,540,8,121,310
images/MyqkEmlg-GUfC-zF8o-Zv2D-sxIuYb6j3hpB.jpg,15,40,187,213
images/N8Avjfrt-4JSl-GRj3-1ukR-jg6SfpJFyb2L.jpg,224,54,210,267
images/cVIKpjtP-DoQW-7EKO-cUfm-KPZwOD0taMIC.jpg,328,39,95,151
images/uwDxHVIE-yCFo-RPQg-5mTp-4lVq3O2aAuog.jpg,910,20,50,98
images/4V289Riy-WZaY-H1Xo-f6Jk-xrC6SNcYly27.jpg,336,53,142,223
images/rOTkyYts-pkLc-uGMw-uVCt-cJew3NL5avVt.jpg,224,54,214,273
images/XR8oTmWp-Ky1n-0wUf-UX0E-w3JLHuWAqyhV.jpg,378,27,132,216
images/Lx7wU6Rk-Chxq-CXlu-gmG8-YE46qSVfygpL.jpg,634,23,46,105
images/izRx9Vuq-chSU-yB4x-sMhF-tXc6V5M82lg0.jpg,910,20,50,98
images/Z3udGF9W-d287-BUop-5f1A-KzXcMk7rsdHa.jpg,336,53,142,223
images/iEsJB2ru-L0ke-moS7-5dpU-gKYtz8DL10if.jpg,664,22,74,183
images/ogHA0pze-6Ctb-UuzK-OKT4-4wFkz9li3TuC.jpg,674,23,54,117
images/HakNQnTl-zT0k-70Jd-6DAc-9FafD7CK1RiM.jpg,462,22,80,160
images/lpjvLONK-Uh8x-ixMY-RtJS-NuyPv20QKZck.jpg,318,41,160,257
images/xUakITA2-cZTH-FED9-nxuN-MdSFhCbLen1j.jpg,438,21,96,187
images/mwnsKo6g-BX5m-JSAQ-NaMT-sdh29pN1HwrG.jpg,568,30,125,325
images/J0g7iDME-jBWE-Bhaz-NuQV-KkgBZzmFpU8o.jpg,856,21,178,305
images/Q3EBUCOs-yFlt-poYA-nmtR-eDnBAgcySpLK.jpg,336,53,142,223
images/gtcUB6Re-RGzB-pJlu-7cIr-7fhzK1oF3aq5.jpg,902,36,130,218
images/WkUv7x5m-rdhe-J4gx-IVCl-FoSGprj5O4Ic.jpg,535,18,42,105
images/t8F5kilr-EapN-yZtT-2ZtS-as1bkTjzwLV5.jpg,652,7,31,91
images/CLtSI1xO-8xy7-bYGR-vrQL-ycQYwk0Z9Vtv.jpg,910,15,47,85
images/XJBzPnpT-Impd-YKZn-ahsn-sCbNI3yBgJx8.jpg,390,26,101,201
images/1JAydcRl-Dvc2-WtLn-UAKL-2HyxuKEXcv43.jpg,984,24,78,114
images/E1DtsJYI-EGc9-srpA-XP3B-SjwtJ62I7aWD.jpg,1039,38,90,140
images/NCROWyBT-nifq-7Jpd-sRlk-aUpf4EBV8h3H.jpg,674,23,54,117
images/LepJDco3-Fljs-SaG6-IRaQ-f3vMRFaAWjde.jpg,224,54,210,267
images/pSIhEAHg-kPBT-g7Ij-oOuS-bseEZpDTiVPN.jpg,600,26,85,240
images/8pLMWHy6-jYBR-JyzA-48y6-w9r1BTmIHA8q.jpg,605,22,63,164
images/ZWYqe1yI-Wqwz-jvXQ-AIiq-cBrMNolIKpgq.jpg,338,44,146,231
images/7jl40OtD-eYfx-e9pH-X7G8-sp8gnG24XxWt.jpg,636,9,41,99
images/mGZXuM6i-zGbe-MIRp-MWP8-DVBkTuAW8c29.jpg,662,23,54,117
images/bwgJvenl-sSgl-pWTt-izQL-EUa7ZH4bDClX.jpg,722,18,90,208
images/12vwzgEs-ieJY-fXh9-8so5-aXb0gsflk6vU.jpg,632,15,39,100
images/joi5TUrd-14nq-7Xwj-Tlgt-Fye8wOPhZlsd.jpg,463,21,84,155
images/mlXZWhYF-avdr-WHFa-s0cF-Aw3kSNO048mt.jpg,540,8,121,310
images/Fh6u51nB-96J7-8dtU-haL3-3t1C72KMX4er.jpg,916,14,46,85
images/7R4sH5km-uwpb-AS8J-3DfF-ciIm2QKU5MkX.jpg,1063,37,83,136
images/JBVngFkD-Ynid-UDfE-ACeV-nJHwVxrZ8WbR.jpg,328,36,95,151
images/fnJ7DVbI-X7I0-D5vp-d6jt-6eSYGWgDQl0y.jpg,806,21,68,137
images/p8RySH9q-Zaew-KSgI-xVDJ-iX3styTZILYl.jpg,420,33,55,99
images/ZCBPsbIW-DK9d-FH8k-N3VX-liwaGE5NKQqs.jpg,368,29,136,217
images/vHkrA5Uc-R8ef-5erk-cDor-fb6kMURuqGKa.jpg,412,26,113,208
images/i64uqtzI-GyVp-sB2J-rqke-F2JRgbGcp5lq.jpg,632,20,46,106
images/TKI74Y2j-qd9O-4sm0-fIdu-nZLqbiWN61k5.jpg,652,26,60,152
images/UWRSZOPb-8JrO-y9RZ-KyaJ-uwlKgPHv0Lam.jpg,140,36,144,176
images/jfO5R2hM-PjnE-HB7A-sJai-JQI9FBn35Cob.jpg,506,30,164,343
images/ferdGxVF-LEC7-xF5e-Fno3-8XiNO3wqDjrh.jpg,638,23,60,152
images/wETH4hbt-zZgb-CAqf-tE7U-6z4fkWMJ7wnL.jpg,660,24,53,129
images/DtQURzgV-0Wbv-5hGe-4tsS-xjqC8z6w72py.jpg,0,40,165,216
images/2NFHGbXU-rCmK-cFv0-0lJi-Wt6Kfxe4kyoC.jpg,288,41,180,260
images/54bWdDro-G07A-iCVQ-kAFw-S6VOxbBdUTn2.jpg,819,31,175,296
images/evYnUg46-y6Kl-oX9Q-ZwBF-MzI7vPucFd2j.jpg,582,26,74,220
images/Xpq5mh9b-gyhS-3EVy-H94k-Yxsp2wVFEibP.jpg,631,24,82,205
images/8UbtT0pr-a8MV-KrdX-CONm-DvKPj0hzwWV4.jpg,523,21,143,376
images/gM4N9miB-mUWs-Z2Uw-TCJ5-eSJ3dH8rQwEP.jpg,636,19,82,231
images/faY1bePz-T5yQ-A2Hh-sgR8-sf4u2TZRqMDG.jpg,278,43,174,254
images/En0B6Z17-U1KD-3res-ZCrY-zFTrd6ZWEXBO.jpg,740,20,52,128
images/OB7cgnQJ-QoDA-yEDg-X1f4-VvI3iaLtjhQS.jpg,6,40,187,214
images/016VsKvw-Bcd8-NhPn-xiI0-NEvIqiF0QCZJ.jpg,491,21,79,158
images/SAcW0x2N-agxY-0i84-fd4i-38aUxZHjcF5S.jpg,512,28,160,380
images/ZoNCk3tK-MnyK-kq14-WIwo-IF5dVjlqJDbf.jpg,283,40,175,265
images/8xe17TnL-OLP2-7BvV-qYvo-GV0WOC1BcDdH.jpg,494,21,74,149
images/EBgVT3al-Mnts-YG5t-2BgT-D2RnfML7Hbcz.jpg,856,30,145,253
images/9sXiFNJr-WB6x-CYLI-K9ZX-EJb20PmHsgV5.jpg,424,22,110,186
images/HDCuiwcf-3Xpa-zSlo-B5L4-UehngHcTXMu6.jpg,380,44,74,130
images/6VI0Dxug-xowS-Yvq2-ItY9-0PeuaxrzNHEB.jpg,786,14,72,151
images/m1iUNWP6-0XcT-PS8V-MyeH-BJAiZLax8OoF.jpg,691,20,81,210
images/4z6SWfXj-g6nX-kEyY-MW85-OXefa1BWFjA0.jpg,579,23,63,165
images/6evNPLZu-ClTQ-7aIC-vjfO-vhyjlqBeUrYo.jpg,484,16,241,500
images/HEupD9hK-NCBz-dJsO-JkYQ-BaY17Dcfvx5K.jpg,216,20,108,157
images/cd1ONAUJ-Zlq3-b7zs-DfJc-7slj0FnhiaRg.jpg,686,18,76,200
images/St1HI5iN-5eUt-Vm1c-5zSc-fAaDwuvkFCXq.jpg,628,16,82,204
images/uLIzGg9w-3SaG-2HwT-Zzo3-FyzED4fwTV0Q.jpg,798,18,64,150
images/QpP1UujT-ZCUT-akVv-dbai-yuiTPUIphAgn.jpg,330,44,146,231
images/sz6Zv3ux-yId7-N7gs-RxQq-JrC0QONA6Idc.jpg,336,53,142,223
images/FbYQTZpy-6YGp-GmWn-63yS-qBZiHl9K61on.jpg,330,44,146,231
images/goxDdFKV-Hw2y-KZqC-3zoZ-ael2JpF59Xhg.jpg,288,41,180,260
images/gQ7J0xrk-oZwG-hol6-lAnU-fnIw16Jt05i3.jpg,674,23,54,117
images/Qf5EkohI-8RWA-j2lE-vFPh-B8Y7HOGR1sXf.jpg,795,20,75,157
images/QmqofBWD-OWxf-0kqn-aKSd-7JxvkQOAMtKy.jpg,549,34,141,328
images/taumLRVq-K9XO-N7Z9-F32G-zOm2aBk1rvtN.jpg,919,26,64,93
images/mf3KcxUs-5fHS-qmod-6L0K-Xt2zYPyQCG8M.jpg,740,18,50,114
images/Om12qkQd-ItDW-GvfW-oVFB-bsvpWT4L6ZMn.jpg,936,28,81,107
images/HOpYUBlq-ZgDt-nOTA-y3DY-Pf9TZwAdF76E.jpg,673,0,35,86
images/tZvQRnpA-7H1L-LyOz-QAS6-6xuNmUqLBevn.jpg,283,32,177,256
images/oP8uhqvX-FOzm-h1NB-KXLz-I9JyfOanFteu.jpg,934,28,111,234
images/1MHrsiqD-HRBD-ArBE-XuY5-piBa3AUtqbuV.jpg,650,4,33,92
images/qjdp6gv2-5krM-HBWs-ikFI-vxSJC3qc8Y9X.jpg,97,44,144,183
images/GpJ4TE6j-8ykI-QjDF-sfB7-vde4BIkyLUwV.jpg,192,62,232,298
images/krTdhJDL-Wba3-SHIm-1CKT-AsYL0XO4ISnU.jpg,630,25,84,239
images/HVvZpJAu-CYo3-wJ8K-m3vG-2YHg3DEp0i9Q.jpg,484,16,241,500
images/ANtwX6kI-Vuw2-l7r0-ZzH3-GeojQ8kImcg5.jpg,538,18,54,104
images/k4EqOGtL-cx70-zw3d-nNBJ-m0iRpcaJLG6j.jpg,424,22,110,186
images/92cxVYJr-LIi0-2e3c-BQKz-TcGCoHFWyVkP.jpg,423,12,203,422
images/UFHbnPRO-enB9-7dFE-jgol-HrSTAXpjyw1z.jpg,416,22,106,189
images/HnICX9Dh-Ecru-zNSW-HBjd-awb82QEBW56M.jpg,647,22,87,226
images/3ZwHEmnL-IMG5-It70-4YrU-ARkYD54Je6i0.jpg,620,24,82,205
images/KQEeHybv-VDyU-dcaZ-Vz7l-2CmYQ9qvan3g.jpg,636,7,40,99
images/rvNKsQ4S-vGpI-Vb96-N8VX-yKEPbNoh6FRl.jpg,631,24,82,205
images/JLqypSuH-d5Bp-BCMR-gvK1-L4tC6lxRjWpz.jpg,604,0,100,318
images/RcAlFtNI-84tb-b5KL-CuaN-q7isOUm3jrSh.jpg,596,26,68,235
images/yPoJj2VO-dB0Z-YpUR-ykiQ-RNHne5tAqgky.jpg,640,25,72,176
images/aNd7qVsm-jEW3-Dysk-jkRG-RnXqcPBgC5hZ.jpg,203,60,221,300
images/Wsndx4ab-lCcQ-41VD-yQUX-d5Htrj1hi3uf.jpg,458,24,84,187
images/yViGRsfL-P5Q2-m7uT-YGVK-Yc56Cj89Ognt.jpg,634,23,46,105
images/OHVRbszD-yRuo-ZmJW-UzQi-g6nfcz5F0blr.jpg,368,44,74,130
images/RzBk7pMV-jw0K-4Ejt-f8wL-4MWe3CI16wxV.jpg,632,20,46,106
images/ql8aFEgV-N3tP-kUlH-UO2x-YdOAG1U6VP57.jpg,417,33,55,99
images/lO8ZX9nU-yANp-g4w7-moYM-6iPWowveSCgz.jpg,537,19,59,128
images/gB2JQLnR-Qb0F-fZ2d-rNua-8YCSegXaBTHw.jpg,398,26,113,208
images/gSWBD2lC-Z471-Vcsy-gasH-8uR6yYKgxAvL.jpg,140,36,144,176
images/rfZydXwv-gTAo-A5TN-ZBbR-1NUosgKwEluL.jpg,740,18,63,140
images/xGurcdM9-xLhP-WLG3-lWkZ-xeM4dkr9yoKc.jpg,368,31,103,183
images/5sPfpVnN-vs2j-846B-4Efk-cPZ895I0D3Eu.jpg,15,85,311,355
images/QwGXuBji-Ul8H-63JP-IuNc-WY3v9JmiEaRM.jpg,1094,44,105,147
images/lGtPyxA5-ZXOI-xqQu-spvZ-YAJwN705inqR.jpg,66,76,295,335
images/SVEF0b5t-6IgP-Lst3-fYk0-wlYeXqPcEzfx.jpg,427,14,239,490
images/YJQGXkLZ-wPVk-QRZd-8EOB-NFr7usXSg4vk.jpg,651,26,77,237
images/762HM4UR-SWe3-kTtj-K4O8-zMn78dqUr6ju.jpg,646,20,46,106
images/2yIZdGcH-nF8t-1BhR-Stna-gZKujmXMFDaf.jpg,470,27,156,331
images/RYBjl4MZ-FBvh-WXgr-hU1E-Cgk9yHtYxKOh.jpg,640,25,73,169
images/0KD5Y9qb-lPLx-Aw9f-v8AU-AQyv6XPETcfD.jpg,798,18,64,150
images/Kt0IUhO3-z3Km-ButK-8M6j-syUJY9N1684e.jpg,526,9,137,333
images/WpYA8Fxw-hkgK-Y3mk-mOjN-L9GgH2NRDBrk.jpg,460,40,65,112
images/N8xkePDM-Jtpc-jb1r-KGAL-lJboNFjmLqpc.jpg,456,20,157,367
images/wUI0hoeD-ZT23-SIz1-1RZQ-w5Bh9tWfF4jq.jpg,413,19,105,173
images/qsDjJVR2-103u-bwhf-TN4f-FjSCeETgZdYK.jpg,633,12,45,90
images/LAyO38fh-FKwA-k3ph-xl5F-JZrDz5ij1Q3P.jpg,640,24,46,105
images/JSkmTn8K-LbsK-DATz-CY4u-c6w3Vl57N8hG.jpg,654,23,48,145
images/WitA2h8V-nOsC-xa5N-PVF1-TgxwNGeskDrU.jpg,493,27,149,352
images/Ke8zW79L-WDQv-q9wM-eFlC-Zt0F17fBVpL5.jpg,666,18,76,200
images/RV1GDnMa-35oN-cHzV-GwTE-YWKNOgd8E7v6.jpg,462,22,80,160
images/VtJH62nK-Kg65-2f9b-68wC-CXjvAtWOxBPa.jpg,676,16,50,119
images/G6MwfKO7-OxWP-LorY-fwBi-ocXi73gDKL16.jpg,646,20,46,106
images/E0ewDskU-nr91-zQ98-PyX4-7ET3ywQZougc.jpg,664,0,34,82
images/mCx5Pzp6-WC6h-npmq-GAoZ-bw0UC2oeaYHM.jpg,604,0,100,318
images/0MJIzRyK-nB9y-9W7t-yFYp-Xd0BCohuAqyg.jpg,136,36,145,176
images/ZVDe4yaC-1Cx3-bWQH-b0mx-COAmWgjkUar8.jpg,640,24,46,105
images/Mhe0UYKZ-kmVq-3u96-XtUS-jNSRdvTf3UrQ.jpg,991,45,289,438
images/lMsx9VNi-gK65-x7il-bhUS-nJZeK20lMbdE.jpg,538,14,58,130
images/2P1Uj8on-kgEI-xUDq-rxBd-4tsyRpNcf1Ai.jpg,903,15,47,85
images/ZoTuyCl7-TwYV-aSIB-LqAm-zB2jlPgQwMHx.jpg,538,18,54,104
images/gieckHDL-EZQs-RYAq-h7UG-zCFoXQyYnUuR.jpg,557,17,135,351
images/fYGNADUm-FuRg-E0X6-8LWt-Gau3otUBriLd.jpg,224,54,210,267
images/Wc61xyem-R2lF-3jiL-9Qpd-skQ4PHEj5moS.jpg,479,20,197,419
images/2WTYK0bz-u1D4-imZn-odLT-VtcpI7efwO1j.jpg,658,23,47,117
images/lUjtGDYC-f9vg-AFB0-Krwd-DZ4GbPCQVHqe.jpg,318,40,95,151
images/QLY4m1vU-xGH0-XPiT-vDWe-eZgtcH2xASFd.jpg,582,26,74,220
images/qF0T7lIB-BOtC-MDfn-t5po-vtpXCe8PaTYL.jpg,410,26,97,178
images/iEmb8xcV-69ON-5zEZ-p5rZ-uYpZ74JBqsOP.jpg,460,40,65,112
images/AMpKNjJl-79Em-h7X2-Vgl9-tvymI2CDlkP5.jpg,640,25,72,176
images/JgzHPZat-oVrI-lgrw-HvVM-LuCzHVJmykaP.jpg,610,20,78,219
images/wpEW8l1T-rbO8-7NVO-DPXW-s4ABw3DUzaCL.jpg,470,27,166,337
images/mMelNBEZ-Ds7t-3NTW-eFgy-CYUorhZ4HiJT.jpg,710,16,84,196
images/vEXgjY3K-0vUf-Sq1z-a9vO-KG1soEBHMwUl.jpg,788,20,68,136
images/GylbvcmZ-KjyG-C8pZ-x8Gv-n1MfTxa6lDzb.jpg,662,23,54,117
images/ovECuWHk-mYW3-Tlq6-CUHj-cXxV3sE5M0Ia.jpg,420,22,96,177
images/JH5KX8P1-mpZn-W0DB-POTW-cZ3lYhmiA7Fe.jpg,708,15,83,217
images/X2hIqz7S-SoG7-nLwB-EoNb-WJrSwNAbI31K.jpg,425,12,249,492
images/BS3op9EK-KIxe-5v8q-cU7r-JpmV0t8CAgRF.jpg,1094,44,105,147
images/VAuMxw4Q-iw4Q-4EQP-l0ue-qW7Hpvuy9QXE.jpg,398,26,114,208
images/N7irYPcO-Ewq8-QSov-AxR5-MFSQ3zl6peA7.jpg,192,62,232,298
images/3YPTHwsh-Zva6-gTL7-ifk8-m6qIBPSXRFCy.jpg,539,16,55,126
images/Ntsgp9xb-Trgp-M5f6-opSI-aDMevAihlkC0.jpg,336,53,142,223
images/MgFPGx1U-kFBQ-HhXk-qHWT-9w2MxocNTrd4.jpg,640,24,46,105
images/ex4QBrKA-XZDn-YWI8-1XMZ-JnS021KZUAjw.jpg,203,60,211,288
images/PvhStJaB-6B7R-mBbY-a1Dj-Y75ATOhJkEm6.jpg,252,47,194,271
images/TA3Ufuzx-9TBe-Q0b7-uRih-LZy7Atg1iRVq.jpg,636,28,79,225
images/gzBF8PsQ-F1Iq-9irJ-mXCF-iQyIRWzXT4fh.jpg,897,26,76,137
images/AsTWVvxm-Xu65-OrMI-hbF3-pAMiEJfmhsKj.jpg,415,32,55,99
images/kue7Cwb0-2iGj-mUQW-BiLH-rNQIRHgY2d4h.jpg,544,16,55,126
images/l6MP4qAw-rhpy-vjYp-jWYX-Akt86c1bFwDv.jpg,232,47,209,277
images/Didhe9TG-ism6-CXYi-fQMX-gIqwy7Wblp8d.jpg,336,53,142,223
images/tpNBuz5m-3N5A-nraw-yPxd-kB0PVy1jOcNv.jpg,1119,44,95,140
images/bQsDYp1L-Is0R-pl6V-caUb-Bz0X7DHwflbZ.jpg,796,21,118,229
images/5T3J9bxQ-9qtR-HnbY-BL3g-VUX5lTfYgyS7.jpg,732,18,54,130
images/ChFU0pIH-it5a-6Tku-jxKC-ipZYjW8SBNfV.jpg,668,26,56,162
images/oVlpCEcq-lG3d-Qzeb-LYB2-6hzmSg592LBw.jpg,491,17,73,149
images/CRBkw6mz-JuXL-9ktu-XlJ3-eD7vtC0s3qpJ.jpg,415,32,55,99
images/gJI9tRCj-lGqX-WKtk-tWMI-dvA6R3jNZfQi.jpg,613,24,82,205
images/dl7LRMZD-gL7c-CB3q-jn71-VDQzG01vcAfR.jpg,920,40,266,406
images/PC4OibQ5-9Mho-3kfw-8TJY-mFLNrGcbuJQV.jpg,903,15,47,85
images/QiUl26Fq-8M2S-ilUh-Mvis-eldN6aUHWrxz.jpg,609,26,85,240
images/REH8qsJQ-Yam0-jWnQ-xwoS-1sc85SdIRirY.jpg,423,12,203,422
images/GoNIcaDk-5I4N-oxRN-0ZOf-fHBW10vxPcN6.jpg,562,8,126,311
images/Kdb0XZMu-wZbt-5gzN-fVu8-08DtamoNkPKJ.jpg,722,18,90,208
images/JiAw5jUB-v4Rf-5D36-Soua-8xOmdSP5BilC.jpg,626,24,82,205
images/8JmAViKS-Bbrv-NpfM-tF0L-wx4G5QiEZbdc.jpg,664,22,74,183
images/g4f9jmon-Z89t-BLH6-pvEz-vKRXF8qtZ0mI.jpg,462,22,80,160
images/wR9Zdp85-5AHp-aWjd-Xzf5-X2qugKHPe9zl.jpg,658,23,47,117
images/r2MjV8Wk-kIjs-3vZe-gdA7-3rfXy6MIvoGw.jpg,632,20,46,106
images/P9LZNjf3-PGkc-YbiA-9FyS-ZdMmLGpTKzNJ.jpg,674,23,54,117
images/OSuQyHb4-WARC-4vRY-fCxN-JXVULrDSIRN1.jpg,600,8,98,302
images/SwyMIuBJ-X0A1-Ii8P-pvzu-nocwgzXLPCEm.jpg,372,29,136,217
images/kfZl0GeS-RzwS-Wl0a-FAS5-xG1IROHtyodN.jpg,458,21,90,166
images/EsXHw7m3-9oO3-QwNb-iBhn-J4o5esB8mblK.jpg,919,26,64,93
images/VeLAsCnm-VBLJ-UAJE-ua8T-cMH2BokWuamr.jpg,498,21,74,149
images/1h9MYmXI-1BuK-rZjq-Th43-AP4o9ZuB1ldR.jpg,470,24,170,379
images/2sJOvjpt-jkaO-o2e7-uAnc-HM76IStVwBaf.jpg,523,21,143,376
images/DTLeHCB5-Zlog-hLMr-0pKU-LqISNMXAj8tm.jpg,660,0,34,82
images/0cxYnIVH-WQR9-EIh6-SEzQ-ZVmwPN4yXiWU.jpg,632,20,46,106
images/f2CXjewS-LQ8l-CXdR-iZDa-UVmp5aLydzOh.jpg,500,20,71,146
images/fajixNpc-VNrQ-Zuqz-ueqV-IrwldGP06Otk.jpg,628,16,82,204
images/uTpG59qL-FmiS-49C2-LFe3-R6Gg5lwAaXvU.jpg,654,26,78,237
images/3HioUgZj-S8Uv-LlWV-HWEQ-0X8PGwcIOQAj.jpg,798,18,64,150
images/TFsoPrmO-QTCw-gfJz-usz8-C8qpXGwrHsEj.jpg,646,20,46,106
images/ERWpnYs4-zs26-ncZv-LJQl-wTgC4FGr23kX.jpg,1055,37,91,138
images/YprTzZi1-R6Vm-4tYU-xWEl-UIOKphdDG6ym.jpg,550,21,96,261
images/mkUJ7e3E-Wk58-3ctC-oGbf-D6XQoaULnjbe.jpg,222,20,108,157
images/Ftnjq8om-SOc4-oeO1-uUmQ-rlw1RGuiNdhA.jpg,910,24,64,94
images/uxQtvPWk-cLh0-QwDy-pL5X-enpd8tuiTqXF.jpg,462,11,202,475
images/5AfhnP12-4iZ9-dRmr-BlFn-hwACFDmkG1fT.jpg,336,53,142,223
images/fINpFHkU-UWQf-LiFb-frhL-czNvgtEp0sKk.jpg,535,20,89,258
images/yKCextR4-9Xib-p1PX-2FO9-h5HDt0NVS3fQ.jpg,654,23,52,154
images/hoOqJ7zj-AZYk-ZQH3-Bzum-bGFHpnr6xMEl.jpg,503,24,85,190
images/xuYHNamO-E4lO-WhO4-GjRk-ANaU07opi8un.jpg,593,0,37,98
images/ydtOq8Iw-hGoA-jC0r-u6v1-ulI0E4N5MfGY.jpg,936,28,72,106
images/c49EDzTM-sb56-dCY5-Q2yo-V3JTkfHz0DGB.jpg,658,26,60,152
images/XNEOWDIT-IBCA-HcMA-D3YZ-5wkHp6Pnt3dm.jpg,806,18,56,146
images/dZbkRO3a-r7Ga-TvA8-uCUq-B7c2a39KkZXy.jpg,60,38,156,198
images/RZF9imqt-Uhj7-ey4f-ZJxe-ZEYq2wXAI0jt.jpg,656,24,54,129
images/eLoCl4qt-2inq-9nN6-BcfK-wlCRsZaMFJY5.jpg,117,68,279,336
images/jnIh1k47-Lr05-uAC1-6UCu-YmryD3Uj7OET.jpg,640,25,72,176
images/atEUCM6A-0tu2-FGOI-h0lX-NqU0u8Ex3OgL.jpg,62,72,328,366
images/CRi3e1YX-Tho0-p7Ky-OzjD-LoBc8K3GRkla.jpg,635,7,39,97
images/pBGm5HPl-C5uV-HRQ3-4FXU-Q3bhg0cvtpY6.jpg,819,31,175,296
images/WjOJY1SF-mn7K-09Pg-mTlc-xvBmonadEAbu.jpg,458,21,88,158
images/hrzZCx5W-F6WS-DhdA-0q1a-UlihMf7ePd1V.jpg,654,26,66,238
images/KJvc0oG7-CVqU-TGbc-l9oi-SOsW6785pBrt.jpg,177,64,247,296
images/yhNM0iJ9-q8ER-thmT-NxsR-OZ57NQleTcBI.jpg,589,0,40,89
images/8QZJRfNK-rkoT-FHm7-Ej5H-cKCX7BNgmZSn.jpg,302,41,170,254
images/d1KDfCHN-Uxhc-LRVp-OT6U-GEhOCK7diHUe.jpg,602,26,58,224
images/aqxKCsYk-mc9K-hxai-fuo0-0yEx4vmZutYo.jpg,203,60,221,300
images/jGNocKm5-lfNB-IAbq-rov1-sHTDo73gx5W0.jpg,660,18,82,204
images/5mVQergI-sLdc-kKl5-nl5H-2NM5bFoGHasX.jpg,739,18,59,120
images/4I7KbrG1-zpYH-16tp-sbOV-7BLvhusl4JWU.jpg,413,19,78,168
images/wxUIvBNG-Pvt4-KvYe-UVds-b7Pt5KcBDNrY.jpg,288,41,180,260
images/k4doeCnK-Jeug-OaW8-8ndI-B7zuwP36RX8c.jpg,140,36,144,176
images/fEpcor3m-d9Yq-xCiy-QbDs-xDr1vSNh05HV.jpg,318,41,162,252
images/bkxnogIR-tHdT-ygT5-fqrK-e1MiVKn2uWYl.jpg,900,12,64,96
images/Q7sY6x9u-wLvd-dOB5-CBKV-okN6mFdprIXJ.jpg,87,68,294,339
images/4TVPClpD-FiTy-jOWl-XRML-YRyVuw4PsZjS.jpg,651,26,77,237
images/J3TVU6sY-aqp1-HfOb-TlEc-1BJd6OoLen8z.jpg,470,24,170,379
images/OV6Z4Fxr-fQvt-1b9x-vrqk-oiNBxKU4JaYS.jpg,620,24,83,214
images/QxqXVyrN-vrO6-cUSv-md6z-ZWOof7Yinxcw.jpg,474,18,108,196
images/h3sZ0769-QvY3-uLAM-zaHk-tYDfbF0VHcwM.jpg,715,17,79,200
images/LIuxBn54-E6hu-KYaB-ROF8-HThxMyF6CP3S.jpg,424,22,110,186
images/BWFgQ6Ze-mQfK-D6Bg-6gfl-WuODIRJBCYmE.jpg,549,10,125,311
images/W8Z5trSI-wFWA-yPYk-sOtl-QYD1X4bFeE59.jpg,523,21,155,373
images/cgptxSo4-hZnP-mxBJ-YS0Z-ZRlCQ1HwrXPa.jpg,800,23,70,149
images/0Rhv6zen-F7nd-7StW-6ADB-OFpIM5VrKBiW.jpg,902,28,143,238
images/LnVRUN7q-2nPg-cLT6-jpmF-rGNHLaMiepfd.jpg,642,20,46,106
images/fQCH083m-69Ie-CQVf-mwxY-ZHVgP930INfE.jpg,232,47,209,277
images/dX1eh9zM-5MIT-pNBR-al4z-CoymeaUAdMN1.jpg,21,77,335,372
images/cAYkqSFZ-iVdw-iAcT-OBKP-vatbnm6zu2xU.jpg,172,57,252,303
images/VrbfZo69-VBHi-hamb-0lSu-eMpUY5yFOC1v.jpg,796,31,166,287
images/F8OhtBkA-V1IQ-6wEQ-dQjY-QtIBohuSZdpr.jpg,140,36,144,176
images/NQ6OK5ZJ-wAF6-mujJ-RhgJ-3bFoNDUp2g9t.jpg,1154,60,126,156
images/fND9VJWC-I0Mm-2tTi-D0Br-EiKyblZgHwCr.jpg,730,16,45,114
images/sVUl4OhZ-V5yE-hTQR-gvOj-ie86WXcGlY5v.jpg,281,41,180,260
images/gbFJr1Xh-Bk2c-yuIY-t1C4-hZoMzY6tDLpV.jpg,458,24,84,156
images/Uwck9MJr-gp0z-iaVe-6CaT-3j5OILl6Pacz.jpg,572,19,73,241
images/yFAoI8Rq-AC0X-u6KG-7563-opsqGl8icVSH.jpg,226,20,108,157
images/XZGswU1T-qlJN-lpvH-Zg1K-A8SL0RW15iXO.jpg,633,12,45,90
images/c6tp3Eud-a1O0-tezA-icyj-64Tb3gow0jlv.jpg,644,26,60,152
images/cmO7yild-qgnp-7W38-RGBU-Iw9JDdpA7M3x.jpg,630,6,43,100
images/Ja46ndrf-YfjQ-aBfX-30ZD-pyHcE26wQqig.jpg,97,44,144,183
images/jYx7mufl-VOkL-9MSd-pZXh-JmGgnDdwRvqo.jpg,676,16,50,119
images/hH8oNPMG-dh6Q-EDh2-z41a-x1r4W7JKRvUT.jpg,336,53,142,223
images/dglisOq1-LfDA-RnYv-0g18-GHwnX9s63tqo.jpg,67,40,156,198
images/TGJ3hC9X-a4Kd-osBV-h9dC-PYp1bO8D7Uqx.jpg,688,20,83,217
images/1VfWUiRo-UITq-tS6L-Htq8-AKT51C0Zy6QX.jpg,102,41,144,183
images/bvQckKjF-yAPq-aBx8-pReT-kVuEGsIN4mQ9.jpg,558,19,114,395
images/idgkWqya-cLmr-TKAp-Rwps-JsLlYTmj5H2P.jpg,674,23,54,117
images/07wSHkjt-SdrN-gdNj-PQLI-DTVvlAnFY8IX.jpg,512,17,88,201
images/8XdZTlvJ-YSAW-5QAV-pzTY-QZjOXxa8YTyz.jpg,659,23,51,136
images/o4UeQJZp-FiNt-JUGm-EZyk-ckKmPoxvpQnO.jpg,910,24,64,94
images/gIKAawxD-QAdJ-OH2G-6l0x-smzZWOyigPcC.jpg,68,78,257,324
images/93OSGDyz-WZBE-4c6C-S5cY-yulw9dbP436x.jpg,636,7,40,99
images/KmkuVqds-1cUH-AfYw-w80d-ubslUTcAMNX2.jpg,658,26,60,152
images/s3XvqGJ9-WZJI-ytbc-rhIM-2yjrcm8HP1XO.jpg,192,62,232,298
images/wtkilMR0-DAq9-fYZh-VpRE-wi0DzYZvArF7.jpg,640,25,72,176
images/12juLRgI-hV9M-zOdN-CckG-u5KiCoRlF42n.jpg,424,22,110,186
images/t95RPXvA-eWOy-1Tlb-3YV0-tOoZEDhLA6cV.jpg,394,26,113,208
images/J7rbanDq-8zHy-92Mf-FuXa-HUeR0hslcLOu.jpg,639,14,76,269
images/neixrCqc-Quvp-LUSN-dg4n-DqMz7KywBWJC.jpg,740,20,52,128
images/1A0RT4oH-qryH-C83j-Bb4X-HVCPh8lGdxZT.jpg,816,22,77,151
images/pIGNil8O-1o0q-hVbN-JVcu-Vm5USw6NKWeY.jpg,786,14,72,151
images/vewr75Ib-qj5w-XUlZ-ViHD-EV4cqJXaWFvd.jpg,644,24,54,129
images/XAkYw1VE-aQ1O-z8v9-caqJ-i4I5cAn8CwlJ.jpg,510,18,165,505
images/3A678D2k-ZAeE-35VB-pHkM-Rx6zqA1ZnM8D.jpg,640,25,73,169
images/dWS0TKrx-c3Te-xNgs-3Yvd-BcQeTAyfzaD8.jpg,600,8,98,302
images/T2EF0jqy-01ds-YUFa-zv9p-5yYgkhuXcA8s.jpg,458,24,84,187
images/Re3tv7Op-YmM9-DFov-4JBR-w01lPEvthFBH.jpg,824,18,70,144
images/EYbCMzt1-q8bU-nCMY-NZ6a-fqM1IvwdB7h0.jpg,462,22,80,160
images/G4dEkjSn-u7Ef-B1dn-CjhA-5Im8b4dAcZqO.jpg,222,20,108,157
images/0Zh7gK3n-wKSi-wU0c-xZTu-HV9qGha5KzgR.jpg,520,17,128,315
images/PIn6QYHz-IjAw-FYjS-v8YL-KLaXlBp04DVP.jpg,486,4,205,522
images/CgZnz9PY-HXqW-b4mz-xq7M-45RoIYnS0NdO.jpg,415,32,55,99
images/aOMfvHkg-S4YN-vMCq-GPXN-tAReJckQmBNH.jpg,368,44,74,130
images/k1Za5xFO-0DC2-hYjM-ic5v-WJw3l5brXiMn.jpg,654,26,66,238
images/qUn3sN2K-edPg-YOuJ-zBsh-iGn3l867ObfM.jpg,494,21,74,149
images/jRkUTv3G-Jq7X-uGpH-luZr-GjQikRnmhsqE.jpg,675,0,30,79
images/vQVJeyiI-AMyw-sSCR-jWQn-PENTVROd14mA.jpg,281,41,180,260
images/9V5uOcXf-qhKF-NJaV-1qM9-qHpySoikn5AL.jpg,494,21,74,149
images/zm3RxjvG-ycfr-IqsL-yGzk-ltGVC1uSe95c.jpg,659,23,51,136
images/q1KvNB7r-lgZO-XCvA-nAa7-vOXCARY1L9Jy.jpg,60,38,156,198
images/1kRBrU49-9ZdD-SOxD-8BID-zWIiEbyNUPjq.jpg,1063,37,83,136
images/IhxvqNra-BfIe-Ph3u-WRPe-4YsKazU59u0e.jpg,338,44,146,231
images/vdarFnxt-WGKF-PDg3-LZAf-G42YOndSh5qU.jpg,540,19,54,105
images/8hTbgQVN-Vkh3-u4Ge-3WUQ-3STc4NQUDFGf.jpg,74,74,294,336
images/f5NAT9yd-jF59-8fVY-Ulws-hklavxyeQc2C.jpg,631,7,42,93
images/hP1CliBH-mDvc-0LHg-3QFy-thIvmjpuoLax.jpg,786,14,64,150
images/YxZSiTzc-gjMf-pAZG-hr2x-5DvLKCmbhGAi.jpg,628,16,82,204
images/G46m0USt-vPFx-0qLk-45o0-HJvrcVL2jtu6.jpg,318,41,162,252
images/lxgwKmLS-KlGU-YI8y-C39u-RQzLInVlPNYb.jpg,222,20,108,157
images/yVDJ3wvZ-ve5b-4psv-56ES-gaeTFC10nGmA.jpg,0,40,165,216
images/qIThGvxb-lpMR-Tlh5-85r9-U6hmYxA24QJK.jpg,387,26,125,218
images/wVYSb1Rp-5XjT-Dfea-3Nrv-pVOJxBIL8uRY.jpg,586,24,116,328
images/VOR480HD-aqW0-v4hE-VPpm-bBGPVXnxhj9m.jpg,380,44,74,130
images/YfHD9sw7-0OLC-S1FU-NPWJ-M2PNHR5nq0dh.jpg,577,24,125,326
images/VStmUnhE-mQ7L-TdN9-ATMR-sTWNKC3cI1Oi.jpg,288,41,180,260
images/zyAN6FaB-WGy2-sF9c-b0gU-tIgcxQ36UzMZ.jpg,806,21,68,137
images/NpQYIHdo-qBvM-3KEC-gkX0-EkwC3Rzt9qnZ.jpg,586,8,112,320
images/yvc4tF7p-ZJM2-bYfa-n5vo-hGom9W0dczEU.jpg,906,28,78,135
images/yQjxAsIB-n92u-MxGu-mzgi-g4Ap36hoHryN.jpg,479,20,198,408
images/SEpOZsLV-0M6O-TNCg-QrhT-7DPSAXinbMU2.jpg,528,19,144,393
images/mc50BLwe-cKWJ-V35N-tu2I-aNqBdfkuI5rH.jpg,400,26,97,179
images/Deg5Tc2Y-p0bT-WiB2-legP-n4BmgLXDHF0r.jpg,535,22,58,116
images/f1XRiWNE-Esuk-N6HJ-CiYw-lFjSqMO12mgv.jpg,664,22,74,183
images/TK0QJaVA-5Fkp-98z7-CHYE-kzbOw4DmyW2A.jpg,668,26,60,152
images/PMkZOTuX-PubK-Ts7P-MmR6-UJfh56GbW8Ls.jpg,618,24,82,205
images/g2r61zFd-o9Jz-R4P6-zQhB-e3j05DrcIhvG.jpg,460,40,65,112
images/5AXWDmGN-xb85-Vf9v-JVog-rbAjWeiMXnLE.jpg,378,27,130,219
images/NRWSnMDA-rhQT-fvb2-mNwZ-jtxvHUahY42J.jpg,652,7,31,91
images/jfu7FyoT-RKn7-BxPQ-Yhm6-g59GhnZEQMpb.jpg,764,34,235,385
images/BLnHlWcY-3AXd-5neM-0RGx-7Zsan8yQdBkC.jpg,619,26,79,220
images/ioL6VgpY-SDpL-Ffis-n4I5-xwpBW268qcH9.jpg,412,0,169,431
images/rvtwdY4X-2MQu-Qdgb-ajdA-zqLfowvTJmNi.jpg,368,44,74,130
images/VqoIkjv2-F2fH-NQL3-QZaT-Ljxt5rHVp2s4.jpg,460,40,65,112
images/bYf3aRmc-Gzr0-Ei8m-hJGF-qmacBxIMuU9H.jpg,102,41,144,183
images/awtxLiv6-en7K-QSqs-nD3j-NgYU65THV2eX.jpg,68,74,289,335
images/DWOlahzI-FaXG-mNRA-LWmU-ZBq9Swz1fbuQ.jpg,588,0,48,86
images/lm2yI3NE-03Nv-gBIx-WEIf-67edlAOMnIrS.jpg,470,27,156,331
images/Xh0saGbe-vVgu-I0bx-xPQN-iOYzF08y1JIj.jpg,412,26,113,208
images/6FsQmWJY-Qa5i-09gP-Xzrd-g5GcbERzCXtQ.jpg,557,21,101,263
images/DwGPJUhv-hXp4-rP2E-RWNG-8Ps9vENAdRWh.jpg,330,44,146,231
images/CgLUJQVI-jDlA-LM9Z-8DUF-N1MkrHmdRwaU.jpg,671,24,53,130
images/2FvGna49-H8WO-4pHy-kS4n-W1y2zkF5rTZR.jpg,364,29,136,217
images/GCLm23KU-mSOt-jKwJ-l8FZ-8kpBr134eDaS.jpg,548,17,43,107
images/9UOaDrg4-gMmV-vq1F-Se6n-4d2K3C6xcmT7.jpg,984,24,78,114
images/Yuro5UXp-QOtD-qyp7-aBVe-hvHXcz9ItTZR.jpg,15,85,327,362
images/B8tsrSMj-5xAO-0N3o-V59n-SR8oA1muqE3B.jpg,378,27,134,217
images/uHC06MVJ-HFbq-Tict-BcaD-VAjI3xRB1XHN.jpg,411,17,260,497
images/pAogE3yK-xnBV-f4nx-r4jM-MJfHrcmE7wTR.jpg,411,17,260,497
images/iqK2gGct-pZRq-Z6RO-SgEI-4gpDP9vCG8zE.jpg,21,77,335,372
images/52ARrSFc-Mknh-9SFi-WMNm-mTltHMj6XDfP.jpg,910,20,50,98
images/rbqocIWd-w0h8-idXr-gaB4-5QxpCM0yqZvb.jpg,288,41,180,260
images/4SzHVfju-XvNn-tovw-RouU-zWHinlYxV2ak.jpg,460,40,65,112
images/Ah0xwaOW-ltTB-m7h5-0OZy-7hGzbxwoJ3pA.jpg,658,23,54,117
images/DPEx7wLe-Lqy6-0jSQ-zsx9-rZlC2E54HqAs.jpg,278,51,157,240
images/4uwtjd6g-QxzX-1yB0-jNpa-NrTwF5gbhXGf.jpg,224,54,210,267
images/YmEibLkG-nyWC-Gn1u-Knkp-melRgzLNu0Sf.jpg,102,41,144,183
images/HPw29sqM-gcmY-Xkps-cxpQ-ia6WI52UO8R7.jpg,786,14,64,150
images/WV19cnAh-gWcL-Timh-VEf9-TgeiNDBMcyXU.jpg,564,14,116,311
images/cRehG82p-m1Jj-A0bv-VqlK-YlTHA436grW2.jpg,562,8,126,311
images/6qXgiS75-G1xd-QCxk-c1SQ-AhGaIO9XnwS8.jpg,651,18,46,106
images/lNksYtFd-Sa8J-QA3b-C9Au-FB82b4KfMHRp.jpg,806,18,56,146
images/er92LUZQ-bE8k-hE5X-m7bh-CIDVuM61Hk3m.jpg,479,20,198,408
images/PTD3yQd4-8L7b-suSg-djvk-1GlFaVMhbHIt.jpg,660,18,82,204
images/LNrpPRYi-jVvL-zq5c-ZHy5-LDd7KeblnaVH.jpg,816,22,77,151
images/CEmpc7sT-usc8-5DSB-WtRe-gmfiHo5aBnC0.jpg,494,21,74,149
images/CIEhJK2l-59ZP-JrDo-BUgH-mrxWq0ERuX3e.jpg,549,34,141,328
images/1bsRuyxW-DkX5-c1jP-ick7-J1Sd7m9K68cM.jpg,647,22,87,226
images/YkAdhiQs-xCjq-cKJP-VvYW-ZLYMhUJc9aW2.jpg,660,0,34,82
images/YIZywoCv-6sQ8-hBOY-KXJo-mcVbp8PO6ruA.jpg,633,9,43,101
images/yU4ZTAHM-SX5V-bS7w-asML-rOTPxaVdRIL0.jpg,628,16,82,204
images/pnjPgKLJ-H89n-y2kA-UhNd-ar3FbOys7wJ1.jpg,500,18,71,144
images/8OlnQIkV-RiLB-0Nz7-qYb6-duDvw7WSgpAs.jpg,814,21,77,142
images/cXJQGnKU-k7Ht-fH9b-19gA-aFB8ktWZTLPg.jpg,656,24,54,129
images/MiYWgqGL-IR8W-NFql-5cmu-GOnyAqbu7NB0.jpg,328,39,95,151
images/V3WOxKpd-14i6-3Oq7-NuXL-KoCb3vl2nAwY.jpg,368,29,136,217
images/0fKJRBh2-pkG6-gWch-q1F3-INB7pJVcQDA9.jpg,903,15,47,85
images/Ux7fIgrT-pBer-Wdtj-Fl4D-6A9K4HzxyWPX.jpg,602,26,76,225
images/rxXKEbWg-fuAD-NhVa-Xpti-HPiRByZlewrd.jpg,590,15,120,335
images/FPVEuoRB-P05d-1p6J-QT61-bjBZfgFC7l3p.jpg,557,17,138,330
images/l0RGgx8S-k2dl-NlwC-zB5a-RMNyH9cKtA73.jpg,494,21,74,149
images/CFg3rSie-ImPf-yW0v-qiIK-lDzradNMURyw.jpg,668,4,42,80
images/lTH8MuxK-p9M4-jmoK-Ih18-gA5yCqw9VZKm.jpg,462,22,80,160
images/OoCumcP7-SpXs-LRFn-2CFv-wT6u3flizZPt.jpg,470,24,170,379
images/1H7lYs8V-4ECe-ip9F-fQps-a7oRzbxJrY1Z.jpg,740,20,52,128
images/0f9kPheC-fS7K-LMSx-k5WE-VwZh9OD5ISv3.jpg,816,22,77,151
images/QmUbsFwZ-SULE-R2WK-tWyN-fTQ9PtIFxha4.jpg,192,62,232,298
images/0zw6LOeY-7j3q-2scA-svIt-rHEaY6jQpUc7.jpg,288,41,180,260
images/N5qCHjoJ-2Mjy-HS5Y-HjO9-TZgDXcj0Fx7K.jpg,508,12,166,396
images/RG3rKIJf-Y2FS-dYMP-LV0e-HI3AzMGSinwK.jpg,856,30,145,253
images/kABvxR43-ph8W-Jgo4-06XE-h9cFvor1OxgQ.jpg,216,20,108,157
images/lphkO6Aa-ilpG-EF8b-izj1-LouTa1wrqHUt.jpg,686,18,76,200
images/BQZy8aI7-vWAR-l189-d09u-GN1j98OAwVhi.jpg,21,77,335,372
images/1SWAExZf-qwzj-FoTm-lACX-sVKFktc1jX06.jpg,627,20,85,227
images/x1SiGk2N-H2vF-xQcI-lDBR-sZIfNW1E4lOU.jpg,520,17,128,315
images/4XNnFUo9-v39p-Ux8q-fnBT-DU8RXCj03Wcv.jpg,416,22,106,189
images/9RjALpkB-4RtX-X4Tq-Htiz-sp1y0bnTWruV.jpg,646,23,52,154
images/zsECUYr2-iYb2-WbDo-J6PH-QgRAyUSN71XD.jpg,642,7,37,91
images/Es92qr1t-Q8EL-NZjT-2Fvp-6dgrzDv5FGnW.jpg,368,29,136,217
images/nGCiceg5-Y8vz-DHJe-HfgZ-2TsbigQFwX3R.jpg,664,22,74,183
images/4iaAQone-d1X5-bjHd-CxBv-Nvb5dwDZqYce.jpg,338,44,146,231
images/ZBfW6n3z-ZJ67-2ymE-9IVr-XH539jWpCmzd.jpg,490,21,74,149
images/tczrDmFN-tveM-AuGY-EXeD-80CiTQX2sW7y.jpg,416,22,106,189
images/CX1iJk9y-rdQf-CXUB-41dN-voA4UT5EWlag.jpg,656,24,54,129
images/CKWUdtDm-zRgE-VCXJ-Hclx-AjJvKful6FG0.jpg,633,12,45,90
images/LtOY2cRl-gYlZ-KfrD-lhgH-6jKApVirzCbR.jpg,648,25,65,174
images/oELaMvJU-oOvJ-iYOg-hMUS-yF8ceNfj96VP.jpg,632,20,46,106
images/eojV0HG8-JXu4-q2p0-iM2x-NpfY8Dh6Xciz.jpg,786,14,72,151
images/HyXq26rU-4ysE-CULN-jk8D-bZScoapgrY82.jpg,1087,43,105,147
images/2dBDxIoL-XNJr-DEwV-xd7o-T8W9hPUx3cJI.jpg,0,40,165,216
images/elctsSBZ-yBlK-tYUu-M4nN-QhqIyZ0R1BJf.jpg,400,26,97,179
images/cOhAZMnt-180U-4EPv-X6S1-ZhqDLAfY7VHu.jpg,722,18,90,208
images/3KlpXMEn-CtAN-YEf9-agSJ-eOXwypq1KTjD.jpg,636,17,36,81
images/gO17isTW-G9Mz-7rFm-0Fna-7xjPdictrSKW.jpg,140,36,144,176
images/J82Di6ov-AU7w-OqTK-1Q8C-Sclth2mWre3O.jpg,496,20,179,498
images/XWSwmUux-0qMa-BM8u-ZUrT-bQrzYJP0TLhf.jpg,819,31,175,296
images/vWbg2udD-UyPn-pjia-mfa9-AvhJ4zibDmaZ.jpg,640,25,72,176
images/L5QxEwPA-3b5j-bIgp-JOLv-gYtGPseniKq4.jpg,662,23,54,117
images/i0DhproR-zAED-hY52-aM8P-8rHkXMBCdsh6.jpg,390,26,101,201
images/kHSlGNWz-D180-gI02-0XKU-6RvbW3hcxlP5.jpg,412,0,169,431
images/Vs4alUQH-GgvS-Xolt-V4Dw-kGlhvHfajBye.jpg,660,18,82,204
images/SIPR2HCk-HwX3-teTQ-aEAK-CXFbBaqrgUQw.jpg,910,24,64,94
images/dh1RPYIB-u5W7-QKD1-ZO3w-9PKOf83LRBny.jpg,378,27,132,216
images/0iZFcM8x-L9DZ-EhTL-kel2-VMxaI4GTSdKH.jpg,588,0,42,88
images/BfInR6b8-AbCB-elA8-lE6L-6YkIZQmTLGhJ.jpg,674,23,54,117
images/f1gsi6Rd-Dsi9-ucr2-VZF1-VHvJwkbpWUuT.jpg,626,24,82,205
images/KqLWxvXg-CLGh-UXFV-wMQO-JIeoFKABQWTp.jpg,411,17,260,497
images/eja3mSPo-rsVu-RsnZ-92uH-rsBp4ZKjEeCW.jpg,380,44,74,130
images/xd39c8U2-Y3jw-QOfz-gixS-6VouMF3glrIj.jpg,288,41,180,260
images/amsCRVwO-xPSA-Kbs6-yim7-exk8bjdDh7AJ.jpg,814,21,77,142
images/yHNCkvxn-U17n-cwdW-ZrUN-5xDZv3e60jBs.jpg,458,24,84,187
images/xfnUwNLV-AFSa-taWR-LIWz-r9VfmGvHTZAl.jpg,944,28,73,112
images/wrbdvBG4-3oTZ-fCRV-emBN-1TfVo4QNtqPC.jpg,586,26,52,210
images/7hLW6bI3-6Xik-25mA-GTeW-FoZSAh2QcdGC.jpg,491,17,73,149
images/dinICXO6-ol39-uHsq-Acy9-urmTfpzqRjVF.jpg,632,20,46,106
images/M90thWJi-9xWS-zTs6-Mz81-kol0TpyUKxWE.jpg,642,20,46,106
images/ZsVUxtr7-Yf7e-41ls-rhuP-AxZKFJXu4gjS.jpg,344,44,146,231
images/TrlqzAVg-MB2R-eojs-JNTv-aSDrz91P0xoT.jpg,674,23,54,117
images/3UeaC7uf-Bbvc-Q43B-Lxm8-okEgU29La5PT.jpg,739,18,59,120
images/AbE2LVF1-zakd-iJYa-QNZe-b8i4aeOVXH3Y.jpg,900,12,64,96
images/qmi3LvW9-pX1P-yfq7-DTsW-N2j4TEXmWHvc.jpg,674,23,54,117
images/bE5OcPDI-jDn5-nAeJ-S0J9-kLX2UwHdi0gK.jpg,1078,43,104,147
images/72RqfgZd-86se-3QYA-qlKk-JKf94aiqkwzy.jpg,644,24,54,129
images/nH3Cv4OX-Htu8-ULa1-AWv4-C8J6DZWsO0c9.jpg,511,6,133,336
images/lYdNJ1EU-h3do-L7Y8-zOPu-us0UNBf2yp8j.jpg,232,47,209,277
images/AJqwrHU6-eEXz-Y7Kb-oExT-oQFDiTx7Ehpb.jpg,15,85,291,355
images/qVcHAeRM-EpoF-DR2F-otBn-A91krP6SY0lD.jpg,410,24,96,176
images/N7vyl4Us-gDE0-XYsx-QCoE-XqTdG4jRlB5m.jpg,544,18,50,110
images/r59yjote-8dSQ-RbXT-20VF-PnpBZoTKdF9N.jpg,102,41,144,183
images/iEL7aFmR-E38k-Vkso-qyls-ljTIObiDo6CP.jpg,756,18,52,136
images/iQLNE7jF-cX2G-zR6P-k2XV-HD5NMewFb6Cu.jpg,922,26,70,136
images/a8WA9kYT-CH6m-W7pn-qrAe-QqcI2NL9YAKe.jpg,380,44,74,130
images/57MY4CGI-6I1O-vPd2-LgUR-0fWsK4mVxMaD.jpg,351,44,146,231
images/VzNQlwTj-AXtd-rLZi-J0zF-cdJsy9YzRwvg.jpg,224,54,210,267
images/6biU4fHu-6spm-Ir8t-tOXq-1l2cVLOH5Ap9.jpg,634,23,46,105
images/bqLVFlDx-ka69-pZih-DVuT-2aY3IQ9ZMzvH.jpg,528,19,144,393
images/zCYwvUjV-XR0r-yDwO-Lawv-1VjYTXpoMRSx.jpg,676,16,50,119
images/zxPokr5R-FNsE-HIfk-4TK5-4CWozgSA9sXK.jpg,1161,56,115,154
images/4cbmq3vC-G0Op-0P3H-D3vS-at4Ylm3QM06b.jpg,991,45,289,438
images/8Hk1Cp3u-te9k-AB4r-akzh-jGXSfMw94bFt.jpg,640,24,46,105
images/QedpTE18-q0Hj-vMHV-DdsA-7LFCARONxikJ.jpg,62,72,328,366
images/2w7v1JIk-loKd-tC02-PNut-elgEXu8jSR4N.jpg,203,60,221,300
images/laOLIscf-fWbC-wuI7-Ed2N-R0CPqIMNSkD3.jpg,572,19,94,252
images/e1on3ZKV-1MgP-YfHb-QO47-AGQiU3nN6aPS.jpg,540,22,175,379
images/JhHStyMa-OXHs-zIyG-JaTS-IJUsnGNVX8FW.jpg,587,21,98,266
images/szQ5Nn8h-ziUk-Edi5-4ojR-0EKDNtRxnY5W.jpg,413,19,105,173
images/sjtpgP9k-AqRc-koqW-HxjC-hxur8RlNc20M.jpg,338,44,146,231
images/8Anj2uaP-FLhc-QE2f-UGYh-oqWAim9l8hE2.jpg,672,18,76,200
images/wuHa23j7-oqMv-rMc9-ND05-hde6btYfoxjr.jpg,671,24,53,130
images/FGnhTXOJ-DjNM-nPGr-fs78-hV91CpgqGLJd.jpg,640,24,46,105
images/wMVpBz60-Lea4-qh2U-fvXI-TgOmhGUPWrEo.jpg,635,18,36,82
images/kDUPlhy9-ZxsW-XOHM-kMW0-vGX8DTFOkVoZ.jpg,540,8,121,310
images/GHa0UIJr-IjeX-T5pD-KNUZ-njHBrZRwUYke.jpg,6,40,187,214
images/YORH6Cxb-nJXG-U3tf-a1HM-aLeH1BvmEcY4.jpg,226,20,108,157
images/QZbVJKol-3qda-Ikl4-PFqa-gtBMr9eoCkaA.jpg,638,23,60,152
images/1DVt0Ays-l9IE-NZtG-V3f6-X3WOIqACTNwe.jpg,631,7,42,93
images/4hiWxA6Z-CSDs-a8D6-0o6J-LwH9YrCV2pbh.jpg,420,33,55,99
images/1aTPp96j-ztgf-Onfu-gzeh-ymqigCpYU6cv.jpg,288,41,180,260
images/02DQJl5g-0zp8-fSen-fVAS-zYZCdNR24WHl.jpg,600,26,58,224
images/fKtS0sXB-L4VO-DfWI-UG5s-x0CfHzoOkBUM.jpg,668,26,56,162
images/Gjn9r16w-OpBm-K0Mj-MlhQ-Piw7dDbyAj2l.jpg,412,0,180,422
images/8e5RZVST-9FuR-rovB-5nm9-oebvaSFnrzm6.jpg,494,21,74,149
images/sZm0ovlY-W03d-1IwU-Ei9K-kfnDV6aSKzWQ.jpg,460,40,65,112
images/fzM0mjFs-hdIP-3RVa-udxe-jgOaR70efQIC.jpg,474,18,108,196
images/vLgnPJUd-nWhR-tzHG-vgDW-th5Yq3rpNmbK.jpg,274,34,152,219
images/1ruotA74-C41x-OkTL-cPUE-X8OukDf6Meng.jpg,15,85,329,367
images/tFGm8Kin-c70K-N0Zw-K9kv-puncf2J4xrWI.jpg,536,19,60,121
images/sh0P8gof-ijny-YueJ-waHb-HDOyeUEis9xL.jpg,380,44,74,130
images/LcwTEuxF-FunW-3fBe-vgqt-H7KTJuQyP6zp.jpg,557,21,101,263
images/YNKkJ8St-jZd0-KoP8-lBHs-m6iToUSxf4j8.jpg,998,27,74,113
images/9RqgkC8L-IRmP-RVOw-aE5w-uwxMgzCOlE0v.jpg,658,26,60,152
images/0lkVLen6-42vP-Wyjh-jInG-R6MIObNsco1n.jpg,216,20,108,157
images/BlyOni5t-LAKi-Jw1V-UE9h-Pc065SXxlW3a.jpg,424,22,110,186
images/YdlmcfAQ-cAZw-ZJVh-yKUH-qLI8SQhUGfFN.jpg,535,20,89,258
images/r5DBMOpt-THDz-ke1o-jdxr-pJj8I70K4vA5.jpg,462,22,80,160
images/TgRy697U-XCI6-olVS-g07T-MuFbcjkAV1yi.jpg,897,26,76,137
images/otLrpMGq-uYUW-wiPC-SXCo-qkZjQPvyowAt.jpg,633,12,45,90
images/Alv1Y5CS-WoKg-d7yV-nDS2-qAxayZSwLjYn.jpg,740,18,63,140
images/g4kvWBNY-KtQL-Qeby-8h9i-iNds7PHpW5jo.jpg,318,40,95,151
images/F8rSRZvE-KZnE-L1MT-zWeL-BKJa1ebZFCXm.jpg,1063,37,83,136
images/7bAlSTNi-oPCG-mviB-rZFg-ygANOaczpw84.jpg,660,24,54,118
images/PFoS8gcJ-4tKW-zPcG-pJgF-udhbEl8rvRGC.jpg,302,41,170,254
images/Wr6Hjd10-RrFe-I3Z1-cSk5-GwuyaP029oSq.jpg,400,26,97,179
images/LOpfr58E-l2Fz-cJk7-1RV3-ukdecJgQAfqS.jpg,647,22,87,226
images/H0fMGgr2-ZlN0-rqzL-xIXT-8PkBEXphlV7m.jpg,652,26,60,152
images/i1fs9THN-Wshy-z5dm-DgLU-3HvdeT2swmKR.jpg,798,18,64,150
images/5jzpKGNR-4dK0-W5aI-74gz-19gxwheE7Ook.jpg,635,24,82,205
images/A8PcY2hB-Yi1f-mA2F-mGMI-ghcq2j5YVMez.jpg,368,31,103,183
images/kp1qui8a-yhJa-7IGO-pdei-dZUgj7kMOamh.jpg,222,20,108,157
images/2srUTqDh-ad6u-2nzY-oQdB-nOFg0EdBTxJV.jpg,412,26,113,208
images/cUaPqWiG-QAPJ-XsEI-v4gG-tX0gOMmIQHAa.jpg,424,22,110,186
images/84zYNMS6-DZ1o-C3DS-UiuC-Z4lLQzW2vGy1.jpg,756,18,52,136
images/q0aWP12M-mUKx-c1tr-q7RP-lGOx27QkVdIC.jpg,429,28,86,170
images/EK5NkxwF-GTBS-PmEd-RS0i-miUClopWDsPy.jpg,613,24,82,205
images/59xlX3Td-WhtU-IE5N-2aJT-j7NVqauA9fLB.jpg,63,73,295,336
images/penrXsJx-zOYw-yZ62-Y9lB-9ZXMbWpJYB2s.jpg,654,26,78,237
images/dzgavcHU-TCwj-CgoU-Fzuv-3IEcDhL1Hm0p.jpg,396,26,114,208
images/qLeoQfpm-GFkw-tNl8-KPST-maxUZs6Se1c4.jpg,460,40,65,112
images/wZ26093z-psfT-BQOU-lhEV-VSTaAjUQJ0FW.jpg,252,47,189,283
images/yPV4AGBo-YN5q-dE9q-2e4M-jlsLUo7OHQnY.jpg,440,14,214,422
images/XGAPSugW-hOrA-EsLa-Mk3z-3FKaWLedrjsf.jpg,536,20,50,118
images/6Qx9gyHG-GZIH-hEHz-n7gP-ZnK6QP5eXxEC.jpg,574,18,130,337
images/1tNVGFp4-tLom-D8aR-xo1w-XHaVzkfeWQSg.jpg,658,23,47,117
images/DaKfImRo-sWge-Zb30-GS1q-Ol7eCIV05jSF.jpg,640,25,74,183
images/C8DMatXe-RNXt-9KkN-CWbk-4NHq7f6AKYMh.jpg,415,32,47,95
images/mRa1lz0E-kLfH-Mp6C-zx7b-EsWV5KqR6ADy.jpg,1154,60,126,156
images/hvNnKuBt-Nc5w-KGoj-25DE-tS65jWVfMcx9.jpg,674,23,54,117
images/0jepvIbg-erMw-KPvA-EUwo-WfBheutHUVXC.jpg,658,23,54,117
images/e0CWRlB7-XIi0-2hXu-h5t6-t3EKVubDL0pq.jpg,410,24,96,176
images/RnZELfzC-XeiG-8pge-e7B2-vsJA6kfBCUiX.jpg,336,53,142,223
images/IqfT3yKG-5HZq-BZCh-a32r-S8TptEBLdu9r.jpg,523,21,143,376
images/sZj4HpNb-RMyO-t3Ve-vbsH-eauq0n4TcQ26.jpg,387,26,125,218
images/EgqPTi6V-fDER-1Sdb-VEh1-9qOQS7H1lfVU.jpg,664,0,34,82
images/VR3UICBw-Pmwc-pPeT-i0tN-SXl5R2K8yrnw.jpg,97,44,144,183
images/nEh4T8dU-8kzR-AkmL-fkXB-v2V9KBMYj1zd.jpg,592,21,101,263
images/TqWBdQ3w-c65g-M3Yv-la6b-i3lJAqgHzMYE.jpg,427,14,239,490
images/9Aq7Cgxj-pCnR-etOY-uBIJ-jx7MW5YrZA8K.jpg,1145,58,126,156
images/QaUw5o2k-wcN9-sUBC-yUpz-xpHZ5z8voFLb.jpg,498,21,70,143
images/msFyHVhZ-bvzD-TQ9D-wHy0-ItKQSjAzv59Z.jpg,795,20,75,157
images/3gHiZkfw-CEdF-2yeE-hngj-owYTWpnM9cZD.jpg,338,44,146,231
images/KB2nSOaY-wxiC-9ulX-E4GI-Kg068HEhRVnX.jpg,902,28,143,238
images/pYcDoljP-nDC3-JhDo-xB2R-xIzDv41uK7ET.jpg,1128,54,139,151
images/KbsZNVOL-fhMj-HB1Y-N1kG-JG2Y0CaALMSZ.jpg,640,25,72,176
images/QuyeaHrs-rYSp-FWUC-3ALl-FmX2r5NZeL0A.jpg,140,36,144,176
images/JelzNpAh-afE4-apge-BKdx-Lkj52gvUKSaA.jpg,617,28,85,228
images/dL6ytsrq-021r-l7JP-PbwU-Zs4Gelc3C6hi.jpg,786,14,64,150
images/Wt7mpDLq-06SH-JUqA-wqXA-MyIciY5dnqgQ.jpg,424,22,110,186
images/uLRUi7AH-zXtl-stHk-9tQO-W7kVPrzoauAO.jpg,903,15,47,85
images/r68gkSUK-FqS1-m2F5-lBKv-iPOpXFd4tVjS.jpg,470,27,166,337
images/GS3PYWOf-4qTf-d9bh-P2sG-n5kV0glJIxt2.jpg,638,23,60,152
images/P2mEq8zC-hqFk-CygK-cU89-eryKGxMwu497.jpg,586,8,112,320
images/Sqg4sBzZ-pTNx-Bu5X-BKvS-q5jdWKUnphT8.jpg,458,24,84,156
images/JzteS5jB-elM7-XlJM-lBQR-IQv1m48ZxtDX.jpg,288,41,180,260
images/Yw160RIF-W9lr-AwJ0-AWGe-TEnzWmlI1SR9.jpg,591,1,39,91
images/HAtxYeEX-GuDh-Ab4a-Z0Mo-Cky9qDZRwlMS.jpg,415,32,47,95
images/covMuYbD-W0XL-3860-DjYX-CqgO38UyT7Fr.jpg,740,20,52,128
images/rgCospFj-y0b7-TVt5-QCam-cOYwDljRSJsU.jpg,523,21,155,373
images/4JZfUorD-A0R6-0TJ5-Xsxn-mOa8x74Xwkdr.jpg,484,16,241,500
images/YzhJLiWx-1FcQ-qhXo-1n3Y-b1PI5Xsc3kxK.jpg,1039,38,90,140
images/MTXHbPGZ-Yanq-LYFo-7bUh-1sxjTUuPpQHr.jpg,672,18,76,200
images/SwTJVd5O-BKEN-hWJg-pBR6-YXNSrF5gEylk.jpg,704,17,78,200
images/UQZ0Lu9E-ve1d-IzO3-tReL-7GBty6iOpsT0.jpg,600,26,58,224
images/VhZJ4n2o-NtzP-oZ2I-0G26-2crtHFe60vNo.jpg,550,21,96,261
images/CTD0uHzU-Tz0u-NJEg-neJi-tml9sk0cbwia.jpg,582,26,74,220
images/beaJfEIi-xQFn-6CuP-kcXr-YFzT1cgorLN2.jpg,640,25,73,169
images/IpFKCD71-T8FD-NGIC-cQe2-FKSI93EV48rA.jpg,415,32,47,95
images/gNf9yJHT-lr4p-8xZ4-Pxrh-aSrHvWzl0s7t.jpg,338,44,146,231
images/mFoyC6Y8-Q21R-V5r4-wORg-e9qp0ra7YZvw.jpg,569,22,63,165
images/JADsuncq-yier-hTKX-rOiB-UT0lWgPShAXE.jpg,640,25,72,176
images/nQArgxRT-GJFj-uKOd-QsyZ-eax7B4kbQts5.jpg,564,14,116,311
images/rZ1vefGF-3nse-CfPl-h3lt-Yc0szhHJ6FqC.jpg,539,16,55,126
images/ISb9Lzcr-7Dty-h2og-yoUK-jbkXT2cD7AhV.jpg,596,4,35,85
images/JZUSBow3-QWtY-4SyJ-pZyE-ycId3mR1vEqA.jpg,671,0,29,80
images/wXN8hxVC-DbiZ-mLnA-jt0a-zIoPW4TfHApJ.jpg,913,26,79,134
images/H31XMSgz-Qy3S-5Uxn-8Eg9-p8nOzaEoHXq6.jpg,6,40,187,214
images/azSf4ixV-3Ddz-yF7I-prXL-Av5zcGUETFXQ.jpg,136,36,145,176
images/EaJmW7dz-LcJQ-5wR0-4jK5-1qO4Gi8r23FE.jpg,224,54,210,267
images/FvRYIngq-qRLt-MhHR-oy5p-dKb0CzS78rPT.jpg,474,18,108,196
images/blTc42PD-fPOs-MVG4-23OI-ux1lSnVZHUvf.jpg,336,53,142,223
images/6fwOjE12-KUZD-lROo-EstH-Ktyf08NjkJ7z.jpg,330,44,146,231
images/wOuZ62Tf-yZad-eBlR-Fs5R-TYSmXM7Fitya.jpg,642,7,37,91
images/ENlCwbtV-2ZUM-eivz-lOW8-OVdiQ23BCLMh.jpg,626,24,82,205
images/i0blGV2h-sK68-M7yF-8PIa-D7B69FpWIhzG.jpg,494,21,74,149
images/CDNjFJto-yNZv-IzqG-oDnb-al0vXFK14xIO.jpg,410,24,96,176
images/43kSIopy-v3gc-1wUf-Zvk3-UTVSCfmg5M3R.jpg,370,44,74,130
images/xTLqi4fd-vJLn-9Q60-WunM-ZFrPz7XKDjMC.jpg,734,18,48,118
images/G0s4Kyw6-f8KO-oDOc-lk4a-btT9r12ofBKs.jpg,102,41,144,183
images/5Vz43CfL-i0BD-FuAc-QgAc-3W0Naj7uHOwJ.jpg,658,23,47,117
images/dTtpiCHk-PUSr-AtGC-MSxU-OcQtsGb76TmI.jpg,224,54,214,273
images/H3pBUNjy-Z3My-EqXV-H6so-QwbM1zpkNmcv.jpg,634,8,44,92
images/tpahUT3s-CHbE-eh9I-SHgf-KjDvYmJPIZ1i.jpg,183,62,233,298
images/SknV6QDc-A4ap-5IbN-si7r-3WnNQDT7FSqJ.jpg,232,47,209,277
images/h5lfjmIr-YRoL-q9yE-SRfZ-16xTlfGKaLBi.jpg,498,21,74,149
images/oOziUalK-zT0H-Dson-l3kY-jIrnMeuAWtNP.jpg,604,0,100,318
images/igvKj4fr-D4Vl-jG0Q-YZtM-gMiXkBzT2jdo.jpg,620,24,82,205
images/NLIDp91v-TVWb-lnYI-t8Fs-sUK9QYB7kAwy.jpg,429,28,86,170
images/eB8KmLbv-smz3-h4OB-X4kM-8YWOThoH29Us.jpg,274,34,152,219
images/mCQAHf7R-Zkuf-u0et-S7Hu-hKJtOmBRF79u.jpg,1087,43,105,147
images/Tp5A2zJi-ldiu-YHeR-scYK-a4LICuxXHAt0.jpg,944,28,73,112
images/UqdurncB-2yCJ-zchM-zUPO-ZWjTX3xfHSJw.jpg,328,36,95,151
images/UCDuShFd-6k9p-OoCm-976z-y3Zo24dUemR5.jpg,848,34,179,306
images/X8sOUn97-7TEC-UvOl-hewd-t3jRuJf6Dn4k.jpg,582,26,74,220
images/tFJliOkj-hm9v-UVv1-W5De-QfOz0qPRri6d.jpg,642,20,46,106
images/Pyc28LES-xRHf-5ABW-QAl9-UKm2MyEfjuxq.jpg,224,54,210,267
images/YlpIwk3U-EcAZ-zxe2-94yk-TiZ3FSrXR2bC.jpg,922,26,70,136
images/IX6cNqDn-1CcM-fEOp-58cN-kIeaxrVCQYFA.jpg,625,20,83,260
images/jQhG3B4X-V6Ky-rmZz-8aoh-tQUFqbK1THSV.jpg,0,42,170,221
images/04jaPDt7-jOQD-DyXl-cSBL-Fbu08o6wtSVp.jpg,1172,56,104,153
images/m2T6xI7h-kEKv-NG9s-rZWn-tamYwnPsUzJ9.jpg,589,22,63,164
images/FXkSndKo-Ca6W-ScBK-Kuqx-HAz9tnuMF8yi.jpg,472,21,76,162
images/H6KUAsMR-e1FL-aYqB-bpdW-9Rn7cAGNF0Pp.jpg,636,20,86,227
images/oZ6OmhWL-MjyL-AWEV-9rb2-T43yAHbalJuG.jpg,651,26,77,237
images/gj32FeNv-hk1X-Uqth-U2Xf-ObvQlBreyh9d.jpg,535,20,89,258
images/BouFqmtI-4JvI-PQf4-ftk4-PazFxN4DsMe8.jpg,974,26,81,114
images/16Qi0nEr-LSv6-Ox1s-7v4f-SJVHq5wbi0uI.jpg,1140,56,126,157
images/wWOGnl7M-HnuU-vbVn-CuhZ-YS5sZM8IoKhv.jpg,557,17,138,330
images/gw2d8Fkz-idZ2-1gPI-hoE3-NZ0yhrs5IaDW.jpg,660,0,34,82
images/j7NxE92s-Sclu-A1w8-MawH-z6wfULYa5dnc.jpg,658,26,60,152
images/JLO0sgqA-xVb6-upor-NZo4-CBd3js2POh5S.jpg,416,22,106,189
images/GiqhYHUb-TBtR-3sPE-GpSY-TYMCFUhjq2zr.jpg,396,26,114,208
images/9GhUNjLV-8RQg-q2DY-91o6-xoPL1CQOzV6U.jpg,640,26,75,220
images/sNImQBY3-XrTH-3ZCy-moyC-0V8cs3hOBzbH.jpg,814,21,77,142
images/OLFel5Zb-rxon-X6ay-mjPD-3UrCOp2ucVnE.jpg,409,26,113,208
images/LJ57ejfH-kgly-dWrh-IZRi-nCZRI9vsEiaH.jpg,796,21,118,229
images/FDnAWuyP-2c79-dQct-Menw-igalsP3dhU1m.jpg,410,26,97,178
images/ZkGKmfzW-q3hn-UfvI-QeAl-9B5XWZIzD2nR.jpg,634,23,46,105
images/Wl9YCy1Z-9JkT-y9jc-LipD-Writ7VNnkQJz.jpg,796,18,79,146
images/YFCuVWNn-B0Jb-eA5L-IyYT-5OVK1adA6Tsq.jpg,520,17,128,315
images/ik3EBcqU-G4N9-vm19-bLBj-K5ikLj1oDbCU.jpg,424,22,106,189
images/dRA6v81I-OeHV-an96-9DQS-jEsSO6ZJnT0D.jpg,662,23,54,117
images/VlqvpUXS-IMSE-3UHC-ykVI-LtsGR6o4hzVS.jpg,1039,38,90,140
images/PQcBnjR1-p2RK-8qQt-HJjI-tkBdTnhiNsH9.jpg,734,18,58,120
images/GyjaxWY6-Gjdu-9CpW-ufAs-Mda2cYsXAyW7.jpg,613,24,82,205
images/7QOUYF6J-EXSm-iMUQ-oPt5-lDYdVG3mqMj7.jpg,903,15,47,85
images/TzDA192B-VPMy-Av8d-fsvY-kj8YEXyntbL1.jpg,586,8,112,320
images/ipZ7Etnd-kA3l-WSPB-9Qk4-3GmLfwsXUo56.jpg,586,8,112,320
images/qIT53o0d-EOgu-hldX-aTmd-EHUJ20jw45yR.jpg,1145,58,126,156
images/7mDQ96V1-lpvj-Q97H-j5P0-7gWNmG5DS4pT.jpg,390,26,118,202
images/ZAGupWoM-lzt7-qf4i-pEX3-VozpmBhPy0Xe.jpg,192,62,232,298
images/ls7wjHRZ-bMit-hZ4M-HfzU-XegozKaxtVZ8.jpg,944,28,73,112
images/ub92BOUe-C3pd-TeUM-4B91-uf6oPb71kjC0.jpg,115,37,144,183
images/GIlAgKuq-B8f7-WswC-Mz9s-nDcCkE0XvMps.jpg,368,29,136,217
images/rYgPdw9t-BdPn-xws7-vmG8-O5eJ87yGm9Fl.jpg,764,34,235,385
images/xGp7h3XO-Plsp-5CTJ-XBFj-3y65vVSJOxQG.jpg,380,44,74,130
images/XSClpNgj-NaQh-uZBh-ykBM-U4Ry07cxbPk5.jpg,816,22,77,151
images/YuV7cHg2-WU1c-p3hc-tcJo-U7s4AZEpVG05.jpg,324,39,96,151
images/p29rn5gh-XLyi-5jqK-tzHG-Dcl8BvLmWu69.jpg,734,18,58,120
images/gmNqrFzA-8Cxl-YDP9-1nDX-ynUkAfp6OEJ7.jpg,900,12,64,96
images/1DAWUtxO-gWko-HPE5-n7XY-dOi4EKUN1Xpg.jpg,937,38,177,248
images/3gMEFlZt-LQVi-TRY2-Ojbc-VeZ04byOAw5s.jpg,288,41,180,260
images/gZd5JcYW-1iCR-giqE-A0l9-E8q25GDzeA1S.jpg,922,26,70,136
images/xL6fZiKV-X3KQ-oS9f-PtrX-63qVLzvH9rID.jpg,596,0,38,92
images/m2hXz5Gq-j3w5-bvDa-fBy1-SBp8lmLWoDHg.jpg,635,24,82,205
images/GJneKSph-C2Rh-ilbe-ihFJ-YfgyhG0BmxeZ.jpg,368,29,136,217
images/c491yZrH-T0Rl-OhvD-ZCnX-9rng3GC5kQpJ.jpg,640,24,46,105
images/6RplbyHQ-09me-LP8S-6Fwt-5kPpgKcUfJlV.jpg,338,44,146,231
images/fXtR57FK-ZVFS-Q67k-rXBZ-krVbW2c5YHeM.jpg,708,15,83,217
images/UmYvz2dH-ZMg4-gKF5-hSTm-7YV0FKvg2LxO.jpg,916,14,46,85
images/p42evm78-Zl7v-lYRa-MI3t-fg7mL92a3psi.jpg,632,6,45,94
images/MKkFh7Wu-WPY9-yIse-Sxht-zc9nhoHdjW2D.jpg,532,21,52,117
images/Q6FLYhvg-8iUL-dHL6-Ucmn-5xBgruEpOybQ.jpg,89,66,273,332
images/Im1kZEnS-bzBQ-wouE-8Dja-HCIXGwl8kq2i.jpg,634,23,46,105
images/a9tyvB6V-EqsD-bZT1-LwJn-W4zTDrYixh17.jpg,222,20,108,157
images/NC1glnFv-tMoh-dNa2-JAZd-Hjcedl2ufLmA.jpg,203,60,221,300
images/oE7Px8z9-Up15-7sNc-HRGA-6GxoHkeb9mRa.jpg,216,20,108,157
images/950BLYhi-iXZI-15xo-nzq8-WjzHdIgtvewu.jpg,819,31,175,296
images/wAi7bXyW-VCZB-o4LZ-uvTj-hgF9oRXtUE5x.jpg,975,22,74,126
images/wOAr63K0-ne8g-xRyC-hL6o-CRS4aZ1s2cyn.jpg,283,40,175,265
images/Ws7tkm0p-A73M-50Ph-EQV5-PNCFEi9Ssja2.jpg,408,28,86,154
images/VCLBkQ0a-TwtJ-Phrc-cga7-rLuKTngqiGRj.jpg,412,26,113,208
images/HTMV0hik-aeXW-KGsQ-liVh-N2TPqXOZDGJf.jpg,648,25,65,174
images/DY1vNeSw-5vMQ-7tfJ-QRGP-SdtWCH9ORV2F.jpg,336,53,142,223
images/fLk3hYoB-Yhmy-EzSk-3YhQ-fH2hoZWvNgSR.jpg,622,22,98,266
images/W4q5HOf3-OFoM-xyPo-oEJl-2xFYTC5O9UeG.jpg,667,12,73,176
images/Gw04OPL5-y0FQ-Gtgk-62i9-cuIDz8ylMTrg.jpg,488,22,72,140
images/MwlLgy4e-aRZK-9Qe2-Tgdw-j0HxstuoXRIQ.jpg,140,36,144,176
images/T5HOEDUr-tIOG-38dR-oqyr-5hmNtl3drpB9.jpg,654,23,48,145
images/Mr6Vm4Uy-0VZF-heiU-TBkn-Q6H7brgNLpsk.jpg,74,74,294,336
images/mPuVWRw4-TWG2-TZrF-nxpP-B89P47qULsdw.jpg,654,26,66,238
images/h6dfu1mL-pD3Y-CrdG-iWLF-Zx03tMgbHcdA.jpg,647,22,87,226
images/xjSVlLab-UIVZ-EBQS-fpdi-gOBhU40ARGoE.jpg,140,36,144,176
images/XfhwnVNv-lyIU-wAG9-nt9l-FRP0jgudkt2v.jpg,424,22,110,186
images/oBG0urOS-5HeJ-1JZq-8NOW-auw0LURkX8DG.jpg,671,24,53,130
images/j2ytRwEV-Y5Eq-7jUv-Mybr-R0AkVY6junFm.jpg,610,26,80,225
images/nStrevgu-k4Rw-T04r-JFdp-EMV8IvkhL2Za.jpg,328,39,95,151
images/cEPA8kjt-eITH-Xv7w-d5u9-sfENu59SoXzH.jpg,902,29,130,218
images/IfqoSlQe-csYG-wdfg-ewZt-yGCDJT0VHqBk.jpg,568,30,125,325
images/6PFowd3e-1HXI-5vIm-f0Ud-sjNur6w4gCzL.jpg,1007,27,65,113
images/LBap1uYJ-M9ju-5gSN-ympe-s03mAG9RYpTg.jpg,544,18,50,110
images/v8Gc0WyH-hymf-K5Tr-c4as-FjsItYkGiaxQ.jpg,991,45,289,438
images/bRNjYCDm-UsVg-7iov-lYVj-3NdLbPs0yxol.jpg,654,26,78,237
images/fQoXCjt3-iIpT-86P7-RHWk-GDf7Wuqnsmvg.jpg,336,53,142,223
images/TfN6zEil-qdIE-heFk-pJmj-XbRgOfB4V2wH.jpg,640,25,73,169
images/uZEw3YIg-Kw0Y-Bixq-wsQ8-f2jJBIV7wYmx.jpg,172,57,252,303
images/a3ko678D-XqeN-25Gc-WCzL-eBlrSOPWb5Ms.jpg,652,24,54,118
images/ZHVXbNM0-lDy7-odD6-aez4-72ZqCxYcjdl5.jpg,640,25,73,169
images/UzkJXWcS-WFeo-6NkD-qzKZ-G9YL1wT3qjp2.jpg,586,24,116,328
images/va4MYrIL-oLuq-dSMf-l9Ri-2AlwirEjGLqs.jpg,216,20,108,157
images/Skopz7hX-TdSv-OESg-Hbhu-m6czEfjMiKw3.jpg,590,15,120,335
images/Q1MtVbKo-o0Pd-FGQZ-ZUy3-Em8xbFHwJhS4.jpg,518,9,138,333
images/bBlYq82K-RsEO-nK51-4Aps-vk2xb8uH7ILi.jpg,542,15,51,108
images/bXSvCFKl-wf2W-IBUd-CGfy-f0HEGAkZiyuU.jpg,628,16,82,204
images/voBeUVpq-2uxW-2gcJ-dClj-Cji57EZvlOFy.jpg,420,33,55,99
images/tzScQmDy-vTMh-zFPJ-kPeS-T8sDpKjZ32bQ.jpg,224,54,214,273
images/7iLABMuJ-E3JZ-7Cwx-4qkx-W3DT2CtM9zIA.jpg,520,17,128,315
images/aHFCY5si-FcRz-jwpn-Osjh-neWxafZU2yXm.jpg,60,38,156,198
images/puT1l69Q-5uyA-ZBQH-ZTeg-RCZtWskDI80H.jpg,462,22,80,160
images/D9gUo5wn-jRzh-Y4kA-wgQx-AgtxUwZDmGdk.jpg,398,26,114,208
images/LWvFIgNB-oviL-5vzj-eNCu-NLePlHIG9MZK.jpg,344,44,146,231
images/XMzSwJYN-EdFf-9sUz-AGoZ-1cySGAwUsQZt.jpg,642,20,46,106
images/NawibUj0-jVHx-LIfm-wfGT-DwGXKj30ZR51.jpg,660,18,82,204
images/c7w2jZF3-Yuzk-NorY-9wRF-H43h0u2SENDm.jpg,203,60,215,296
images/R3GtzUMg-EzjO-HvWb-gId4-JcmM5R8rjDda.jpg,460,40,65,112
images/aOG8Ttmu-qp72-lr3t-KB8z-uR9OtBpD6UNv.jpg,390,26,113,208
images/YKOoI2Dx-hfvQ-khjQ-xijL-YeGrkVJZXloD.jpg,1000,27,72,111
images/i62Z3Qgm-Aisx-9umM-Y6rj-a4U01Y3DfskG.jpg,60,38,156,198
images/2hCRoX0f-q5Cl-MpZX-i1H6-0QIhlu4pat5n.jpg,910,24,64,94
images/DX6lnae2-JcUF-ZrlX-hwtg-sRFrvx7L6Gph.jpg,916,14,46,85
images/6GxFJZKH-tQX4-e1So-izKC-ECsjLFgxBQ57.jpg,538,18,54,104
images/LSEM4rOk-iPYD-Eg4J-NidR-pvX9tkDGgVCH.jpg,460,40,65,112
images/uiqIKFjn-yBG6-fkDB-FQgE-kxVTquI0P3lH.jpg,646,7,37,91
images/oc6x0M3y-jYIB-J3E6-BaKA-d03Qbq6sxTP2.jpg,424,22,110,186
images/yFRGUz3w-Kwjh-oXBv-thaE-s7uHwjTExXGR.jpg,458,24,84,187
images/PF4k21tr-IVaK-MoQ5-GJtN-zSHoMd8YuDbB.jpg,674,23,54,117
images/0rAN5aKn-PpiB-Q8yr-QPvL-B9OXdTe5oPrj.jpg,816,22,77,151
images/HyguZv5R-bjSK-Q6XU-ulRg-davgKxmyhzfP.jpg,659,23,51,136
images/l8Wwog2a-u3nV-kdnI-zgUj-SeUDJ8fLRYdh.jpg,646,23,52,154
images/wb3EgmVZ-ynGO-q9H5-KDTS-mp3KxSMDJIty.jpg,739,18,59,120
images/yZmHYsTv-WJ8Z-6qDC-ykjI-s3douUltxhfi.jpg,462,21,85,161
images/hdqBCUyJ-ipeF-cPbo-fLGi-zWmVbNR71X3s.jpg,318,40,95,151
images/ykgQU6qT-a2bO-BW4i-OQ1Z-Kv59DM2rofqb.jpg,906,28,76,154
images/9lk4oZ0c-8Ubr-pjis-P5QN-kP9ObnoD5VLe.jpg,920,40,266,406
images/BsKuF7oj-Sy7v-c6Gv-lBIG-WbEdUDKBuv3x.jpg,281,41,180,260
images/2rj3cnGR-iEo8-Z4GT-Yysb-aVIjwFXu17Lr.jpg,550,14,125,378
images/oVFhcrBK-iGe5-TXfi-dgfL-R9Z1JxrAzTaj.jpg,1063,37,83,136
images/jKcFlN7z-Fz3p-xQGM-qht6-vM9SBJ7mUOVu.jpg,660,24,54,118
images/mjXIlB3s-XZsv-zCOj-nyx2-RATl6ZVtYOnD.jpg,462,22,80,160
images/Y4Op30PW-SDVw-7QGE-3ouE-afNYtSbwM63m.jpg,686,18,76,200
images/h7NBrVZF-PVyW-mTrE-ay7p-XNw63MVPrGgb.jpg,632,20,46,106
images/nMRaJoYs-kTpq-iH0W-mXGq-V6OkBb0wXPhL.jpg,440,14,214,422
images/JnLFr57Z-6Vwf-jBqh-3yOG-npU8mT7zAaEh.jpg,557,21,101,263
images/O2Zm179o-VBkS-9IEy-sZMf-UMY0lwPF7HAz.jpg,390,26,113,208
images/OSoGCeEB-ldKq-3Jbr-3uBi-OLuDZQi3JUwy.jpg,398,26,113,208
images/xX2KpFCi-yzpJ-a6eJ-IEJ0-esSGzTmvKZot.jpg,1161,56,115,154
images/8uzwq4gB-obX8-m3Mz-7rBI-kWhCFvDaBPUc.jpg,21,77,335,372
images/yuWrPfHA-mKg1-ry0a-mbvJ-JUD13n7Bb9Tc.jpg,596,26,70,233
images/S5DdZcGU-XYj9-q4tY-yDh9-zn4TZUrc1Ggs.jpg,15,85,321,356
images/t3w1nuom-0FCf-LOVN-7SYp-nGzH5QM8bOXt.jpg,540,22,175,379
images/peKJ7If8-8nXG-75wF-U6JG-lKVF8qvz9QrD.jpg,910,20,50,98
images/9zfXnh1r-aVrc-bNLO-vx8Z-k5JFiSeRND97.jpg,87,68,294,339
images/E6TFcibM-hPyq-cuhq-3xt2-vP9ECAZlyH4p.jpg,814,21,77,142
images/6J4pCe2Z-iDeY-vNb4-vkmo-vBCUozGicT8r.jpg,672,26,60,152
images/RkwP3nHm-5Yd3-Cv2p-W4A3-WOM1UBcLHZvS.jpg,816,22,77,151
images/Vemg024n-GMQl-x6HC-QjZ1-Qda8w64liUgf.jpg,596,0,42,92
images/4kvuaQt8-ruj6-KYF8-SGEe-LpduhtRQIn3H.jpg,324,39,96,151
images/8Nju1a67-PcXN-Gcry-NEc7-dfC3MVXazJiE.jpg,1087,43,105,147
images/h1oJf2gI-uZBz-vA2d-7PiX-lc2BtUFvCaiY.jpg,786,14,72,151
images/go2mylK0-9yHk-w8V9-6BDl-pgAP4NsoXJ7D.jpg,1048,39,90,140
images/hu1CHKbO-6IgD-ujgd-yjZR-r8QsXPNinZhH.jpg,0,40,165,216
images/Qt7cw6jJ-wR7W-7JsY-HJFD-rJLx0YPAOgEB.jpg,542,19,54,122
images/W03KEs6z-tT38-urhe-cIA0-qlhkKoury9p0.jpg,424,22,106,189
images/8YITPaCg-d2Mf-Dedr-oRU1-n3XSapyg8lQY.jpg,474,18,108,196
images/1bqRUAum-G7OP-WvXU-SWGv-vaXrKzOAStfh.jpg,650,4,33,92
images/xhFzNfRT-criL-2rWJ-jC03-st24XOAU5Bml.jpg,97,44,144,183
images/gjmT8WH6-2l1Y-CuEN-FdIw-oh0ale3TiWI8.jpg,232,47,209,277
images/n6sWzlL0-KAcI-GM7v-HMrs-P1jlx2ugkfNT.jpg,302,41,170,254
images/t37EFNA8-D4AX-Kl9a-E6Kk-7eoSmhJ8QK9w.jpg,409,26,113,208
images/wFYiHKrp-n7jI-uRqN-SZHL-TKbxZD0mzXws.jpg,462,21,85,161
images/gKzVsmf7-VcQO-J2fc-nr4y-2yL7c8aJVOto.jpg,1063,37,83,136
images/AqTzULf8-HgdD-KQX0-6Ezt-IPo3gVnUQ0TW.jpg,996,24,66,114
images/5IY1N87A-yJz8-A7Su-wIcE-CN0L952JFlvn.jpg,338,44,146,231
images/5nl3CFaz-Vh9w-FerD-HLFI-kgxpjw9EPsC0.jpg,596,26,69,233
images/yeqUNAVo-E8s0-fhaQ-iNsR-fmUNshApCq2J.jpg,504,16,65,152
images/lwVhxAcN-v1VT-w2Nk-40ho-LX0MspxGdHtl.jpg,729,18,47,118
images/BAF6f93N-FyXp-3K2H-v7xn-HWIPR1QmZ7JX.jpg,897,26,76,137
images/qSwtc4kC-Q2KB-SrVT-8ymi-ZITVkDX7KsYb.jpg,535,18,42,105
images/4UlYLNSZ-Cib0-Vxgw-UCrd-D8AecqziajrX.jpg,544,19,48,108
images/RprjtMgy-TvMW-MEmr-QylJ-lBaPu4zgJV9b.jpg,922,26,70,136
images/GFHjo807-MaQz-F5nz-yuKD-xz49QElvCg8D.jpg,676,16,50,119
images/2j4YWD7q-EIbm-MUK9-DQgp-vM2mnVZYqi1h.jpg,660,18,82,204
images/bZI4wqGm-L1ZS-3hra-yLA1-Pc1ptM4iDXo8.jpg,667,0,35,82
images/3HGqeo7B-p8Gu-WEp1-E8MY-hla5BVTsAXI1.jpg,460,40,65,112
images/8xke3iXy-0kJm-D0fV-Pc6A-ZeTS0OJimh1H.jpg,674,23,54,117
images/J0ztlMFH-jCsd-vjVq-T6DM-XCvwEyn9DJaq.jpg,351,44,146,231
images/vBZp6AJ0-3YKQ-GURH-vnjE-2HS7hGrKwVcF.jpg,75,40,151,189
images/SgaTetBr-ma9D-5jvd-UIJS-6cGNXps0rF4u.jpg,582,26,74,220
images/8kvu5q4M-bGk3-rAyZ-OKTG-glrHh9zIk4Xa.jpg,675,0,30,79
images/Txqf9lLJ-VWlt-1tTN-xK8M-BMdGD0pQboHt.jpg,380,44,74,130
images/GBocum0P-2aAf-KtXW-5CSV-U46s3qDzVebr.jpg,644,26,60,152
images/qsWrBQYx-StIP-XkHr-PcSb-JaZplWM3728V.jpg,618,24,82,205
images/LBxv6iYQ-cqOY-Vufd-u8Qp-TdYSu4s6Cnh7.jpg,848,34,179,306
images/Zu3sJIDN-UzaW-Kw5t-cOmh-aR4i3hKydDSO.jpg,356,44,146,231
images/jKoF31rE-Mc4h-BRhj-TKg7-E2cjtINu3xMO.jpg,640,25,72,176
images/2lQT53k9-9HiC-kHtD-Ed8X-T1yAvaXcl3Co.jpg,364,29,136,217
images/Fkcjbemn-2x43-ALwJ-oCXZ-UZuHofLPiqpy.jpg,638,23,60,152
images/JMBV5cmR-yZzp-8HmK-d0fa-kYt42bcFBdeP.jpg,534,24,55,111
images/RSPqzaxD-ePhl-OIHA-v02w-03Uszmhk5DMa.jpg,140,36,144,176
images/vGI3VnkZ-hrc7-neVk-VxEL-xiOn4deTl71X.jpg,628,16,82,204
images/5r7zvRXw-TxaP-L9EZ-9tiz-GRuw27qnSbZJ.jpg,550,14,125,378
images/mls4fLSE-ehKa-qLf6-Sx0B-RL4cZtXu6edh.jpg,140,36,144,176
images/d1YpvWVl-DEW2-S5zJ-JqwN-qpaJlX3YPsrR.jpg,460,40,65,112
images/xTJzLBeW-5HvD-vzb5-R5jH-OhdXFTKsIkbG.jpg,664,22,74,183
images/aVnR9xg3-f4KA-FHaG-kCw6-SPfJhUX057WY.jpg,456,20,157,367
images/QWi9DcZy-JPXV-dkhu-MHew-naDvTw9qXOdi.jpg,636,28,79,225
images/3Qtvgm1C-KJZl-VWF3-PB3z-5fOvjbzAMJpU.jpg,520,17,128,315
images/0a7ltpNb-PdxU-wtVh-oasf-LEk9JOmYghaS.jpg,984,24,78,114
images/PHz1pWSB-gu9R-3Msh-dqwK-OoSyvf4XQ0TB.jpg,6,40,187,214
images/yfgrhXa8-pFvI-n1wk-ZdwO-DUcL4gTxtqdO.jpg,415,32,55,99
images/NEnOQxJd-B483-QMGF-jh9q-4b9cRljsaAdS.jpg,902,28,143,238
images/HCzLTIVa-cYDi-Yryh-V1hv-9Qw2vGqs67P5.jpg,806,18,56,146
images/PnM3Avq9-NWOl-HSAc-n2GU-ltJfzFENIVpu.jpg,460,40,65,112
images/6TUGbqjn-v6ol-qpxH-B0hJ-qHDSEpQlTeNj.jpg,613,24,82,205
images/Ow5sGql2-vOjm-7dl4-RhDF-QzZVG02nYmaX.jpg,390,26,101,201
images/5C06sfvO-Kmau-AsVE-MCpJ-UkmKA8fjOGqe.jpg,688,20,83,217
images/lKE6CGvS-IGTL-4Y8g-NhGq-08mh5YGkHrnU.jpg,640,25,72,176
images/SG4dZYrI-Vdxi-vEzI-xQ68-TG265uAvazRH.jpg,600,8,98,302
images/fHmECQ6F-Bw0j-2fiY-GWJD-lSpk784RXK2P.jpg,415,24,96,176
images/RMWxfZHB-q6YO-Uz5d-zqlk-OTc1btPyx6QS.jpg,654,25,74,183
images/BdyWwtY0-0qA3-7UGc-dhc8-AjoqywDbgXMG.jpg,288,41,180,260
images/mTfhtz6J-SKtk-OJ9C-ytrm-tVTnvsa9iBDN.jpg,479,20,198,408
images/YygQADp7-wjEx-BKna-xb0s-5z1ufFmLVyp2.jpg,587,21,93,252
images/tkDj8MRA-Z7pj-I2Sj-nRhE-Eko5gVf6vtsz.jpg,542,17,47,104
images/yS9I0hw8-a9xV-Ofhz-iJjF-GkbZthuewE4K.jpg,645,20,46,106
images/mVFRZKlp-VuRa-IyMj-nrtw-hwG2a1SZ0Ybt.jpg,60,38,156,198
images/oPVXQ0f8-xzMa-U83A-qlXh-Q6tUhuB1TAsZ.jpg,87,68,294,339
images/diB2khxH-B9pC-2nXi-FNRC-9rKY2cMhAgIp.jpg,630,25,84,239
images/ocQL5mrH-NyxC-fk9w-BQqO-rbSkJ5ZNeivc.jpg,523,21,155,373
images/1qaFDpzw-azPh-71eu-BLYQ-mFPa04BezyIj.jpg,62,72,328,366
images/Nr2Gj6Et-izGD-CFBv-W8Ms-kRLIbHgiF8pq.jpg,605,22,63,164
images/VSwqT9mh-A3nw-O3FV-lMNK-PiHzW3bYkQmL.jpg,902,28,143,238
images/q6KPOmVA-Q0CD-1EXF-bly3-I1vH9j5J4XZG.jpg,368,29,136,217
images/7j5BCgWQ-8ItH-v7Q0-z0SE-KzV7FHxMb9IC.jpg,819,31,175,296
images/VY7Hc64f-UwOz-W91r-wAhE-9izWFA6Ij5b3.jpg,15,85,332,366
images/Dt3KyGki-Qo5z-gUso-y6lt-v49wBnMiYQuy.jpg,140,36,144,176
images/4tX0Upm8-vLk5-JPn6-yho5-w3ZT75hqYAfM.jpg,1161,56,115,154
images/jDlsRLZb-w04e-KwWL-DqZ0-y42YPkcJpS0Z.jpg,586,24,116,328
images/3FzRUd21-dp4M-9W8m-hwVS-R7ctFe9NL2V5.jpg,89,66,273,332
images/xYD6PWwF-4FI0-EfG0-DcwX-71V5rvat0whT.jpg,542,19,54,122
images/rc9Yk0PD-XgVh-TjbR-tBRL-jsq37NpWxnil.jpg,400,26,97,179
images/liy5Obsa-4eN1-EJeO-opQh-Yz9mguST1JNj.jpg,1154,60,126,156
images/20fyEcAH-opke-Jwp9-sxW6-XmzZf2uSl5bg.jpg,97,44,144,183
images/jbyZ1cuv-kEva-kN4h-L1QC-4KJRtyM93xsS.jpg,97,44,144,183
images/BVN6elTn-a7od-NTEr-7sIS-urEPCwk42A9N.jpg,816,22,77,151
images/IrPoiYFb-5Mz0-G7UC-WXir-nfZkIJVKg2t6.jpg,390,26,101,201
images/GjB7f3N5-IKgL-6Qki-lLgd-dbIz0SVR8JwN.jpg,613,24,82,205
images/OLXbyTl8-4orq-kFVM-vQR4-oXIlypJz3hTx.jpg,540,8,114,298
images/JeRiSOVm-vZEF-kb4o-5Cxe-0o5p8rkgs7jc.jpg,977,24,83,116
images/Jiq465vy-ktAP-SqhV-rXaL-gxqAyLUe9GuX.jpg,540,22,175,379
images/wNs7TqUB-dHjG-RdXq-dWEQ-J6EptfHjP0XQ.jpg,919,26,64,93
images/Ph3xQsp0-efBH-PHml-RSsg-gj2ckGMyIswp.jpg,410,24,96,176
images/7bXTqYKv-0Pyd-BKjF-9G6k-aOjSYhN95WMU.jpg,704,17,78,200
images/tMymZPqF-YmuB-bO6A-z5vg-M4xWwI9JUaC7.jpg,640,25,74,183
images/FNeiw2VL-8o7H-0eil-eDmT-mnJ1zCLXoEP6.jpg,557,21,101,263
images/YMowWUtX-VAX5-THYB-bjGz-gat8qOIoUkVY.jpg,486,4,205,522
images/1W8qBU6h-TVyo-XsMY-Yyjm-Jk5iEWjsUtmB.jpg,328,36,95,151
images/e54gNO3r-qUbW-ihHI-GBsE-S5DuzQPl69bq.jpg,62,72,328,366
images/lYbqCaoz-tCvp-grUY-GF48-f8FXVrbmSn4q.jpg,674,23,54,117
images/oux3fVOX-DFhH-k07L-cwlL-KHZhnMB96RV8.jpg,399,26,113,208
images/J4iXGyYn-tWvz-Sscy-Hjxr-Ob2xnyQkuUPr.jpg,216,20,108,157
images/8vYPK0OF-K27V-hJ7A-p2HL-viJjcqfH3B9V.jpg,87,68,294,339
images/25oRcXdp-q8FN-Jws0-7Cxd-VlQq46FuGwA0.jpg,1145,58,126,156
images/Ws1IFo9e-qJlE-vGIK-Y2kR-IDRgldLazhx4.jpg,364,29,136,217
images/2bhmWsIU-PE4W-qLtO-hD8E-5CHYmQqhn18O.jpg,734,18,58,120
images/dlzIKeRA-VHBv-VpFb-ameT-hdQ06tKYnGwH.jpg,647,22,87,226
images/T94lfstz-k47h-uCGr-ZFs5-8RDjXS0VOtuQ.jpg,371,29,137,217
images/5qymJDCY-OBjG-YCFN-YUsV-bq9c8Txt4PEl.jpg,412,26,113,208
images/Yrk6zRFZ-H5da-MhKS-nORs-79xucW56tHwl.jpg,318,41,162,252
images/ucePOAfF-wUNY-UYeC-akEP-0owxVaUSZhIQ.jpg,434,21,96,187
images/5DBfpazS-GYZ5-hsYu-vs6D-rLupCigx8FZm.jpg,424,22,110,186
images/q8fR3G4D-eIEK-GNSh-S82M-zsYepXPaKgCj.jpg,734,18,40,119
images/LBhiPkql-zxNH-9mbe-AiTX-RvAbT1Psec9m.jpg,632,20,46,106
images/6wK3bjox-VAGr-Weup-8WUT-yR9S8q1FKe7n.jpg,619,26,79,220
images/gsaEBFKx-wcmi-HWYU-WCbH-WYThnOipe8Vr.jpg,410,20,102,186
images/JfbBHaWo-DmpW-I2kp-iLcG-O94jIDPs0Xvo.jpg,640,25,72,176
images/Xdblu1Ni-sb5U-8g5P-e375-mwo78QdtR5YA.jpg,415,32,55,99
images/LwJo24pQ-Vjh5-4MnZ-Qqjc-ET7Xa8WYQzPK.jpg,336,53,142,223
images/Tzi6tE7j-K5rl-Ozf7-xcow-S4J9PcDOaUyQ.jpg,656,24,54,129
images/Wb73cnC6-f59L-ZdFf-Bo68-iRNO62Gxp8KZ.jpg,278,43,174,254
images/faCFBbVJ-vHxO-HzBi-amnO-7tiJkjT1lF6r.jpg,318,40,95,151
images/fc93ztS8-zlQG-SOxW-CDcy-CXpw5LkHlNs8.jpg,390,26,113,208
images/NbjhkBPd-lRgH-YzSk-aqcg-ZXE2x8q19URn.jpg,330,44,146,231
images/KXoDcsBV-QjDI-N3uC-1RYl-f2QTcNnZaRKg.jpg,920,40,266,406
images/xsraEfWo-aFzq-Vwv4-Vti8-w4g6A8bSOoUY.jpg,564,14,116,311
images/iNKqy6eA-NZ6V-kYcb-2M9i-3wtKje8RSFWO.jpg,429,28,86,170
images/g6Uu7mw4-qNAh-3ceH-g2Tz-C7MqwbfRUQKZ.jpg,74,74,294,336
images/PZtHiD8l-WO5d-QFwJ-riGW-i5UfreBVPw7p.jpg,415,32,55,99
images/bd7zvRrq-ITCQ-XdVD-Yyj4-HuncqrRBKXI2.jpg,420,22,96,177
images/Ivfu0GLO-LfyD-4iLf-2eRC-xu3azQ4FIvRS.jpg,910,20,50,98
images/fMqu7ce6-0SP6-alrt-OsKQ-d469yYHkoznC.jpg,668,26,54,168
images/WtdMwxXU-qoAZ-n2So-xT8G-y4C5FQYoEbcB.jpg,378,27,130,219
images/4ivm7lSs-9wN5-FvNX-Wgl5-wajQHP53xB9t.jpg,412,26,113,208
images/cijVy6IX-G8jS-VLYS-4leF-zRXEZenHAPlt.jpg,1094,44,105,147
images/gsAM4l7h-dYpg-SKsx-UXIv-TlD8tBhJXZEL.jpg,631,7,42,93
images/KmCPfE3Z-nJre-DzIe-JC7U-qps7TfHoU6EF.jpg,579,23,63,165
images/q9kOaybf-HtMp-8t9A-laVe-nN645buSmaOA.jpg,413,19,105,173
images/qlzkvt5b-TD91-ICc3-g476-sgo8WvbAXZeB.jpg,76,74,295,336
images/E8cAmDaH-nZm3-cS1e-0TfW-U379Bzm5jTCQ.jpg,488,19,71,149
images/nirT1wOK-10Zv-laz6-37DS-1Rxgn6GkAoby.jpg,498,21,74,149
images/nM3EYiDk-XvU1-Km4I-j5lt-8UyZiYh9CwDN.jpg,336,53,142,223
images/K5D4dA8Y-wBWE-yRSN-QTd0-Kr6ckUX1OvV9.jpg,672,26,56,162
images/2lAxDy9H-jiQ4-prbO-De3o-jZD5rqItPxJ2.jpg,626,24,82,205
images/tuSlm6xw-onY6-QJaV-IMbl-J6kmyXiZfWp4.jpg,420,33,55,99
images/p7djSnCw-U0mR-EpZt-kabF-dk1lWDeUcMQ3.jpg,633,12,45,90
images/UMukWin5-fBHj-B6pR-DwRv-GDp5NK2ziI3T.jpg,676,18,76,200
images/qfykVsFr-EQN6-HXps-CWvS-ownq5c7HelVu.jpg,654,23,48,145
images/C9geGq6V-iNbv-o3ux-6VlR-2Hwvumfst10J.jpg,356,44,146,231
images/6JImSOCa-zCS3-DfSH-D5sa-Fsvdzg8J5ekA.jpg,944,28,73,112
images/fLrekBig-YShe-Xh1R-nBgd-jUxANnkCh0PF.jpg,944,28,73,112
images/FtGQvkax-KHJu-V8be-1WpY-DL3HwUIqzy6o.jpg,60,38,156,198
images/G3Mh7tKV-Vha2-TbXn-MP2U-v5VzTGJC6Rpc.jpg,981,26,69,114
images/7Y1bhSBc-mJhg-giX0-9fSP-TyAMsUNY7kXc.jpg,415,32,47,95
images/rtmUTBJs-jwAM-DN0O-yO6E-I2Zb50AujLly.jpg,568,30,125,325
images/YS18Tetp-jrwt-xWQc-htza-yiS2dgB3X8wK.jpg,330,44,146,231
images/Voi4tzTp-xruw-oHME-dOTQ-TtClzXG28NUE.jpg,136,36,145,176
images/ZPu0MeaY-9j8P-jUAS-JAkz-PF6qDNyXp32m.jpg,804,23,75,157
images/Gn4W8vpE-OxVs-Xs5e-htxd-a5boLImnzNj6.jpg,68,78,257,324
images/j4yRHs7K-z5kq-g2oc-8e1o-pxfFC0ZYAlnq.jpg,652,7,31,91
images/cLR7NX6G-DTwk-lFYd-JcfQ-4etgywPVMm9K.jpg,922,26,70,136
images/vcG2smaV-bZHN-2njM-ysaG-hOFMLqADKcQR.jpg,824,18,70,144
images/ew8kqr9o-mBH1-zLdJ-R0e4-YUcjOZqHKlLi.jpg,512,17,88,201
images/5ykFX9K8-AzRe-hbsT-DXQW-dbMVUZp5L2Oc.jpg,786,19,80,146
images/cANIHru9-mxA0-TLy5-Iprt-fx6DOpYXEaVI.jpg,902,29,130,218
images/Q0T253ru-2iae-vlr8-DHhG-Oz3PwInBcmdQ.jpg,1119,44,95,140
images/cAvsBRlr-jPE9-HiVO-MOmI-DCIquMxBrL5Y.jpg,856,21,178,305
images/shDGBIZm-EJ8I-Q26i-DTfj-YpZx84Eauc9i.jpg,628,22,98,266
images/fQbAIBuM-zTQv-e7Uw-lsRV-yHf9iMt8I3Qp.jpg,520,17,108,319
images/WB6DaeTv-cMXb-5PcQ-mkI8-2dkPhMm1uaTg.jpg,470,24,170,379
images/y8NCvKUT-O1bu-s9dh-Yzsa-ihFdPLwaReoM.jpg,557,17,138,330
images/ZyP1S0Ot-CxDy-kP4V-TeBs-zlqdUGBy5PAh.jpg,523,21,143,376
images/mGQHuv9x-SYyM-lspy-t6ah-g28IAjXh3tZp.jpg,916,14,46,85
images/jJzqpbLl-C5Mv-DJLd-HQRl-EU4mLDdxibGp.jpg,734,18,58,120
images/c7kEZMas-reSB-BZiW-D7X4-3Vl91LJ5zONB.jpg,710,16,84,196
images/f1n9BjHy-GQuA-pqdh-YAcn-LGtugkOPZvBh.jpg,203,60,221,300
images/Bxu83oWJ-Zg2u-Egda-GsRF-EpYu0k7cV8Av.jpg,429,28,86,170
images/WzckSev9-ojrD-RrST-wD4p-f4EVJmpMTQnF.jpg,462,22,80,160
images/px1CsPYO-ygod-0TJK-XTKv-GRIvePdLuDkV.jpg,416,22,106,189
images/YLpgyUmi-lP6W-Ro7t-9UgQ-AJ8WQqPYsN5B.jpg,226,20,108,157
images/L1BTxcSb-9BP5-nam1-cIzH-472ZWCXsIAfN.jpg,632,15,39,100
images/ZbxJvNCI-8ban-LRPT-USDW-mSUzRL9ZyMB7.jpg,427,14,239,490
images/sgcXSqvn-9Wzj-cHC4-TUyG-WXij6SAae32L.jpg,0,42,170,221
images/SVycNIhT-2r5u-gvel-6V7C-BWyFVoHnf8T3.jpg,274,34,152,219
images/SwuaCOMf-4nhq-Qyv0-5IUm-ZMnDb6Yte1uh.jpg,460,22,87,160
images/DGv7WZQe-FQJu-a0qp-NVtE-apLVmleogxqE.jpg,1126,50,126,156
images/9MQFiG7P-JLSZ-bqea-2kXC-8pdirvRFbO6I.jpg,462,22,80,160
images/0jA9u3NC-JfIA-7P4B-hi5X-AELyRQqWkO0F.jpg,423,12,203,422
images/Uwxsytji-0nS4-3rET-deNQ-bKtxmTsEJZVg.jpg,536,19,60,121
images/A6tNhESm-PgS9-BfNe-uODS-Eue6nbdGSqpW.jpg,658,26,60,152
images/wpDXjHgh-smfl-4SVm-28zs-OkFQdvUZAMR1.jpg,0,42,170,221
images/AdvwOPsW-OS4u-EIf1-v6o0-kq0v8UMenhl6.jpg,378,27,134,217
images/1xbowHjA-21wZ-smxH-oipA-pfoeygw45BTN.jpg,814,21,77,142
images/PYZDXTOb-Amfh-0jDY-0Y7E-6IcR2JG3kaqg.jpg,636,7,40,99
images/I6ObrJRP-LhwA-i8bD-XfgD-184lkoGQqn53.jpg,479,20,198,408
images/EvgkKpn4-YG79-p31F-sXF3-cwb1gZLzoGBA.jpg,936,28,72,106
images/V046Mtoj-esM0-r9XM-Lq93-oqzX03btL5em.jpg,370,44,74,130
images/CvfABGQm-zRAx-ocUI-YSvM-5Ogju0yem8XA.jpg,640,10,38,95
images/lUIpJiAW-GyaY-kHzo-fnP8-BbkZALjPYsV4.jpg,192,62,232,298
